individualID,specimenID,organ,tissue,BrodmannArea,nucleicAcidSource,assay.x,isPostMortem,exclude,samplingAgeUnits,libraryID,platform,RIN,sequencingBatch,libraryPrep,libraryPreparationMethod,runType,readLength,barcode,totalReads,mapped,rRNA.rate,assay.y,individualIdSource,species,sex,race,ethnicity,yearsEducation,ageDeath,causeDeath,mannerDeath,apoeGenotype,pmi,pH,brainWeight,diagnosis,diagnosisCriteria,CERAD,Braak,CDR,plaqueMean,CERAD_label,pathology,mapped_percentage
AMPAD_MSSM_0000014385,hB_RNA_4312,brain,inferior frontal gyrus,44,sorted nuclei,rnaSeq,TRUE,FALSE,years,hB_RNA_4312,HiSeq2500,6.5,K79C014,rRNAdepletion,TruSeq,singleEnd,100,4312,38011362,37129732,0.005914613,rnaSeq,MSSM,Human,female,W,W,NA,72,NA,NA,44,360,NA,NA,NA,NA,2,6,3,17.52,DefiniteAD,AD,97.6806145488815
AMPAD_MSSM_0000004310,hB_RNA_4321,brain,inferior frontal gyrus,44,sorted nuclei,rnaSeq,TRUE,FALSE,years,hB_RNA_4321,HiSeq2500,6.5,K79C014,rRNAdepletion,TruSeq,singleEnd,100,4321,27871095,27268806,0.0054442794,rnaSeq,MSSM,Human,female,H,H,NA,74,NA,NA,33,180,NA,NA,NA,NA,1,2,1,0,None,CTL,97.8390192419781
AMPAD_MSSM_0000078471,hB_RNA_4331,brain,inferior frontal gyrus,44,sorted nuclei,rnaSeq,TRUE,FALSE,years,hB_RNA_4331,HiSeq2500,6,K79C014,rRNAdepletion,TruSeq,singleEnd,100,4331,44180846,43426693,0.0047674137,rnaSeq,MSSM,Human,female,W,W,NA,90,NA,NA,33,160,NA,NA,NA,NA,2,4,1,9.52,DefiniteAD,AD,98.2930317812384
AMPAD_MSSM_0000029637,hB_RNA_4351,brain,inferior frontal gyrus,44,sorted nuclei,rnaSeq,TRUE,FALSE,years,hB_RNA_4351,HiSeq2500,6.2,K80C014,rRNAdepletion,TruSeq,singleEnd,100,4351,32570894,31937841,0.008895529,rnaSeq,MSSM,Human,female,W,W,NA,74,NA,NA,33,575,NA,NA,NA,NA,2,6,5,12.32,DefiniteAD,AD,98.0563843289042
AMPAD_MSSM_0000006643,hB_RNA_4389,brain,inferior frontal gyrus,44,sorted nuclei,rnaSeq,TRUE,FALSE,years,hB_RNA_4389,HiSeq2500,6.2,K80C014,rRNAdepletion,TruSeq,singleEnd,100,4389,34915557,33950558,0.018074725,rnaSeq,MSSM,Human,male,W,W,NA,80,NA,NA,34,190,NA,NA,NA,NA,2,5,3,22.4,DefiniteAD,AD,97.2361918785944
AMPAD_MSSM_0000003284,hB_RNA_4403,brain,inferior frontal gyrus,44,sorted nuclei,rnaSeq,TRUE,FALSE,years,hB_RNA_4403,HiSeq2500,6,K80C014,rRNAdepletion,TruSeq,singleEnd,100,4403,33486196,32457308,0.015859634,rnaSeq,MSSM,Human,female,W,W,NA,90,NA,NA,33,160,NA,NA,NA,NA,4,3,2,2.72,PossibleAD,CTL,96.9274264535751
AMPAD_MSSM_0000064974,hB_RNA_4437,brain,inferior frontal gyrus,44,sorted nuclei,rnaSeq,TRUE,FALSE,years,hB_RNA_4437,HiSeq2500,8,K80C014,rRNAdepletion,TruSeq,singleEnd,100,4437,30597559,30141577,0.009236445,rnaSeq,MSSM,Human,male,W,W,NA,62,NA,NA,33,440,NA,NA,NA,NA,2,6,4,24.69,DefiniteAD,AD,98.5097438655155
AMPAD_MSSM_0000076897,hB_RNA_4442,brain,inferior frontal gyrus,44,sorted nuclei,rnaSeq,TRUE,FALSE,years,hB_RNA_4442,HiSeq2500,7.1,K80C014,rRNAdepletion,TruSeq,singleEnd,100,4442,33784602,33175751,0.0048907707,rnaSeq,MSSM,Human,female,W,W,NA,90,NA,NA,34,360,NA,NA,NA,NA,2,6,4,20.46,DefiniteAD,AD,98.19784468676
AMPAD_MSSM_0000028611,hB_RNA_4456,brain,inferior frontal gyrus,44,sorted nuclei,rnaSeq,TRUE,FALSE,years,hB_RNA_4456,HiSeq2500,5.2,K80C014,rRNAdepletion,TruSeq,singleEnd,100,4456,34777138,33616227,0.010612672,rnaSeq,MSSM,Human,male,W,W,NA,79,NA,NA,33,523,NA,NA,NA,NA,1,2,1,2.11,None,CTL,96.6618558433417
AMPAD_MSSM_0000004113,hB_RNA_4461,brain,inferior frontal gyrus,44,sorted nuclei,rnaSeq,TRUE,FALSE,years,hB_RNA_4461,HiSeq2500,5.4,K80C014,rRNAdepletion,TruSeq,singleEnd,100,4461,32608098,31669529,0.009464524,rnaSeq,MSSM,Human,female,W,W,NA,90,NA,NA,23,270,NA,NA,NA,NA,2,6,3,12.4,DefiniteAD,AD,97.1216689792824
AMPAD_MSSM_0000002772,hB_RNA_4489,brain,inferior frontal gyrus,44,sorted nuclei,rnaSeq,TRUE,FALSE,years,hB_RNA_4489,HiSeq2500,6.3,K80C014,rRNAdepletion,TruSeq,singleEnd,100,4489,32371973,31601764,0.0044268733,rnaSeq,MSSM,Human,female,W,W,NA,90,NA,NA,34,320,NA,NA,NA,NA,2,6,5,8.88,DefiniteAD,AD,97.6207536068314
AMPAD_MSSM_0000051093,hB_RNA_4498,brain,inferior frontal gyrus,44,sorted nuclei,rnaSeq,TRUE,FALSE,years,hB_RNA_4498,HiSeq2500,5.7,K82C014,rRNAdepletion,TruSeq,singleEnd,100,4498,30393882,29538293,0.0076140827,rnaSeq,MSSM,Human,male,W,W,NA,74,NA,NA,44,375,NA,NA,NA,NA,2,6,2,41.44,DefiniteAD,AD,97.1849959804411
AMPAD_MSSM_0000011243,hB_RNA_4520,brain,inferior frontal gyrus,44,sorted nuclei,rnaSeq,TRUE,FALSE,years,hB_RNA_4520,HiSeq2500,7,K82C014,rRNAdepletion,TruSeq,singleEnd,100,4520,26173566,24257398,0.004420713,rnaSeq,MSSM,Human,female,W,W,NA,82,NA,NA,34,340,NA,NA,NA,NA,4,3,0,7.16,PossibleAD,CTL,92.6789952886053
AMPAD_MSSM_0000016653,hB_RNA_4521,brain,inferior frontal gyrus,44,sorted nuclei,rnaSeq,TRUE,FALSE,years,hB_RNA_4521,HiSeq2500,5.4,K82C014,rRNAdepletion,TruSeq,singleEnd,100,4521,38591349,36542197,0.005833311,rnaSeq,MSSM,Human,male,W,W,NA,88,NA,NA,34,480,NA,NA,NA,NA,1,3,3,5.36,None,CTL,94.6901260176212
AMPAD_MSSM_0000033789,hB_RNA_4551,brain,inferior frontal gyrus,44,sorted nuclei,rnaSeq,TRUE,FALSE,years,hB_RNA_4551,HiSeq2500,7,K82C014,rRNAdepletion,TruSeq,singleEnd,100,4551,38547999,36845266,0.0070621558,rnaSeq,MSSM,Human,male,B,B,NA,85,NA,NA,34,1410,NA,NA,NA,NA,2,6,4,9.6,DefiniteAD,AD,95.5828238970329
AMPAD_MSSM_0000076365,hB_RNA_4565,brain,inferior frontal gyrus,44,sorted nuclei,rnaSeq,TRUE,FALSE,years,hB_RNA_4565,HiSeq2500,5.1,K82C014,rRNAdepletion,TruSeq,singleEnd,100,4565,31485603,30048462,0.008952072,rnaSeq,MSSM,Human,female,W,W,NA,88,NA,NA,33,215,NA,NA,NA,NA,3,6,5,9.68,ProbableAD,AD,95.4355614532776
AMPAD_MSSM_0000007949,hB_RNA_4573,brain,inferior frontal gyrus,44,sorted nuclei,rnaSeq,TRUE,FALSE,years,hB_RNA_4573,HiSeq2500,6.4,K82C014,rRNAdepletion,TruSeq,singleEnd,100,4573,33824433,32292612,0.0045460244,rnaSeq,MSSM,Human,female,W,W,NA,90,NA,NA,33,185,NA,NA,NA,NA,4,2,2,2.16,PossibleAD,CTL,95.4712588973775
AMPAD_MSSM_0000045801,hB_RNA_4581,brain,inferior frontal gyrus,44,sorted nuclei,rnaSeq,TRUE,FALSE,years,hB_RNA_4581,HiSeq2500,6.2,K82C014,rRNAdepletion,TruSeq,singleEnd,100,4581,30577973,29137994,0.006511773,rnaSeq,MSSM,Human,female,B,B,NA,86,NA,NA,33,210,NA,NA,NA,NA,3,6,2,7.76,ProbableAD,AD,95.290796417408
AMPAD_MSSM_0000010795,hB_RNA_4601,brain,inferior frontal gyrus,44,sorted nuclei,rnaSeq,TRUE,FALSE,years,hB_RNA_4601,HiSeq2500,5,K82C014,rRNAdepletion,TruSeq,singleEnd,100,4601,30269545,29115377,0.02661628,rnaSeq,MSSM,Human,female,H,H,NA,79,NA,NA,23,460,NA,NA,NA,NA,1,3,0,0,None,CTL,96.1870322134013
AMPAD_MSSM_0000081616,hB_RNA_4611,brain,inferior frontal gyrus,44,sorted nuclei,rnaSeq,TRUE,FALSE,years,hB_RNA_4611,HiSeq2500,6.7,K82C014,rRNAdepletion,TruSeq,singleEnd,100,4611,29360007,28451864,0.006636788,rnaSeq,MSSM,Human,male,W,W,NA,84,NA,NA,33,245,NA,NA,NA,NA,1,2,3,0,None,CTL,96.9068706284709
AMPAD_MSSM_0000020356,hB_RNA_4623,brain,inferior frontal gyrus,44,sorted nuclei,rnaSeq,TRUE,FALSE,years,hB_RNA_4623,HiSeq2500,5.6,K82C014,rRNAdepletion,TruSeq,singleEnd,100,4623,29637427,27508681,0.12833448,rnaSeq,MSSM,Human,female,W,W,NA,84,NA,NA,34,1110,NA,NA,NA,NA,1,1,0,0,None,CTL,92.8173724392472
AMPAD_MSSM_0000029918,hB_RNA_4649,brain,inferior frontal gyrus,44,sorted nuclei,rnaSeq,TRUE,FALSE,years,hB_RNA_4649,HiSeq2500,6.4,K82C014,rRNAdepletion,TruSeq,singleEnd,100,4649,30589613,29580922,0.013351342,rnaSeq,MSSM,Human,female,W,W,NA,90,NA,NA,33,739,NA,NA,NA,NA,3,6,5,7.2,ProbableAD,AD,96.7025048666029
AMPAD_MSSM_0000016998,hB_RNA_4651,brain,inferior frontal gyrus,44,sorted nuclei,rnaSeq,TRUE,FALSE,years,hB_RNA_4651,HiSeq2500,6.2,K82C014,rRNAdepletion,TruSeq,singleEnd,100,4651,32129892,31047697,0.005960507,rnaSeq,MSSM,Human,male,W,W,NA,80,NA,NA,33,345,NA,NA,NA,NA,3,4,3,7.6,ProbableAD,AD,96.6318125190088
AMPAD_MSSM_0000019844,hB_RNA_4663,brain,inferior frontal gyrus,44,sorted nuclei,rnaSeq,TRUE,FALSE,years,hB_RNA_4663,HiSeq2500,5.8,K82C014,rRNAdepletion,TruSeq,singleEnd,100,4663,33219367,32252868,0.0045610517,rnaSeq,MSSM,Human,female,B,B,NA,84,NA,NA,33,385,NA,NA,NA,NA,3,4,2,7.2,ProbableAD,AD,97.0905556388236
AMPAD_MSSM_0000009439,hB_RNA_4674,brain,inferior frontal gyrus,44,sorted nuclei,rnaSeq,TRUE,FALSE,years,hB_RNA_4674,HiSeq2500,6.4,K82C014,rRNAdepletion,TruSeq,singleEnd,100,4674,37548683,36161090,0.0075226165,rnaSeq,MSSM,Human,female,W,W,NA,90,NA,NA,33,265,NA,NA,NA,NA,3,6,3,11.04,ProbableAD,AD,96.3045494831337
AMPAD_MSSM_0000035609,hB_RNA_4688,brain,inferior frontal gyrus,44,sorted nuclei,rnaSeq,TRUE,FALSE,years,hB_RNA_4688,HiSeq2500,5.7,K82C014,rRNAdepletion,TruSeq,singleEnd,100,4688,33091776,31810765,0.021085097,rnaSeq,MSSM,Human,male,W,W,NA,74,NA,NA,33,885,NA,NA,NA,NA,2,6,3,18.88,DefiniteAD,AD,96.1289143260247
AMPAD_MSSM_0000028892,hB_RNA_4701,brain,inferior frontal gyrus,44,sorted nuclei,rnaSeq,TRUE,FALSE,years,hB_RNA_4701,HiSeq2500,5.9,K82C014,rRNAdepletion,TruSeq,singleEnd,100,4701,31065093,29920661,0.017619632,rnaSeq,MSSM,Human,female,W,W,NA,87,NA,NA,33,190,NA,NA,NA,NA,3,6,2,9.04,ProbableAD,AD,96.3160193983646
AMPAD_MSSM_0000038454,hB_RNA_4728,brain,inferior frontal gyrus,44,sorted nuclei,rnaSeq,TRUE,FALSE,years,hB_RNA_4728,HiSeq2500,5.9,K82C014,rRNAdepletion,TruSeq,singleEnd,100,4728,31288003,28696410,0.16276786,rnaSeq,MSSM,Human,female,W,W,NA,90,NA,NA,34,255,NA,NA,NA,NA,3,6,2,9.36,ProbableAD,AD,91.716975353141
AMPAD_MSSM_0000073140,hB_RNA_4731,brain,inferior frontal gyrus,44,sorted nuclei,rnaSeq,TRUE,FALSE,years,hB_RNA_4731,HiSeq2500,5.7,K82C014,rRNAdepletion,TruSeq,singleEnd,100,4731,34092493,32946653,0.0047822157,rnaSeq,MSSM,Human,female,B,B,NA,85,NA,NA,34,460,NA,NA,NA,NA,4,3,0.5,9.12,PossibleAD,CTL,96.6390254886904
AMPAD_MSSM_0000053706,hB_RNA_4827,brain,inferior frontal gyrus,44,sorted nuclei,rnaSeq,TRUE,FALSE,years,hB_RNA_4827,HiSeq2500,5.9,K82C014,rRNAdepletion,TruSeq,singleEnd,100,4827,35802807,34292425,0.004737052,rnaSeq,MSSM,Human,female,W,W,NA,79,NA,NA,23,605,NA,NA,NA,NA,1,1,3,0,None,CTL,95.7813866382041
AMPAD_MSSM_0000014947,hB_RNA_4831,brain,inferior frontal gyrus,44,sorted nuclei,rnaSeq,TRUE,FALSE,years,hB_RNA_4831,HiSeq2500,7,K82C014,rRNAdepletion,TruSeq,singleEnd,100,4831,36778074,35639085,0.0035487164,rnaSeq,MSSM,Human,male,W,W,NA,80,NA,NA,34,120,NA,NA,NA,NA,3,6,3,7.12,ProbableAD,AD,96.9030760012066
AMPAD_MSSM_0000049401,hB_RNA_4841,brain,inferior frontal gyrus,44,sorted nuclei,rnaSeq,TRUE,FALSE,years,hB_RNA_4841,HiSeq2500,7.4,K82C014,rRNAdepletion,TruSeq,singleEnd,100,4841,37567490,34328501,0.21648534,rnaSeq,MSSM,Human,female,W,W,NA,90,NA,NA,33,365,NA,NA,NA,NA,3,6,2,8.32,ProbableAD,AD,91.3782129176051
AMPAD_MSSM_0000076188,hB_RNA_4851,brain,inferior frontal gyrus,44,sorted nuclei,rnaSeq,TRUE,FALSE,years,hB_RNA_4851,HiSeq2500,7.3,K82C014,rRNAdepletion,TruSeq,singleEnd,100,4851,33694441,31273325,0.16479802,rnaSeq,MSSM,Human,male,W,W,NA,90,NA,NA,33,344,NA,NA,NA,NA,3,6,3,2.24,ProbableAD,AD,92.8144942366012
AMPAD_MSSM_0000099877,hB_RNA_4871,brain,inferior frontal gyrus,44,sorted nuclei,rnaSeq,TRUE,FALSE,years,hB_RNA_4871,HiSeq2500,6.9,K82C014,rRNAdepletion,TruSeq,singleEnd,100,4871,33367535,30422788,0.2170351,rnaSeq,MSSM,Human,male,A,A,NA,83,NA,NA,33,895,NA,NA,NA,NA,1,2,0,0,None,CTL,91.1748140820112
AMPAD_MSSM_0000052232,hB_RNA_4905,brain,inferior frontal gyrus,44,sorted nuclei,rnaSeq,TRUE,FALSE,years,hB_RNA_4905,HiSeq2500,5.9,K82C014,rRNAdepletion,TruSeq,singleEnd,100,4905,33740257,32774643,0.0074953674,rnaSeq,MSSM,Human,female,H,H,NA,81,NA,NA,33,1165,NA,NA,NA,NA,1,2,1,0,None,CTL,97.1380953025936
AMPAD_MSSM_0000053095,hB_RNA_4919,brain,inferior frontal gyrus,44,sorted nuclei,rnaSeq,TRUE,FALSE,years,hB_RNA_4919,HiSeq2500,5.2,K82C014,rRNAdepletion,TruSeq,singleEnd,100,4919,29364053,28620879,0.0047818585,rnaSeq,MSSM,Human,female,H,H,NA,63,NA,NA,34,1275,NA,NA,NA,NA,4,0,0.5,6.57,PossibleAD,CTL,97.4691027835974
AMPAD_MSSM_0000012876,hB_RNA_4932,brain,inferior frontal gyrus,44,sorted nuclei,rnaSeq,TRUE,FALSE,years,hB_RNA_4932,HiSeq2500,7.8,K82C014,rRNAdepletion,TruSeq,singleEnd,100,4932,32983064,31280364,0.09840585,rnaSeq,MSSM,Human,female,H,H,NA,76,NA,NA,33,255,NA,NA,NA,NA,1,2,0.5,0,None,CTL,94.8376536515831
AMPAD_MSSM_0000065630,hB_RNA_5051,brain,inferior frontal gyrus,44,sorted nuclei,rnaSeq,TRUE,FALSE,years,hB_RNA_5051,HiSeq2500,7,K82C014,rRNAdepletion,TruSeq,singleEnd,100,5051,29950136,29125014,0.0050807185,rnaSeq,MSSM,Human,male,W,W,NA,88,NA,NA,33,250,NA,NA,NA,NA,4,3,0,8.82,PossibleAD,CTL,97.2450141795683
AMPAD_MSSM_0000029668,hB_RNA_5111,brain,inferior frontal gyrus,44,sorted nuclei,rnaSeq,TRUE,FALSE,years,hB_RNA_5111,HiSeq2500,5.5,K82C014,rRNAdepletion,TruSeq,singleEnd,100,5111,34226633,33322367,0.0043490906,rnaSeq,MSSM,Human,male,H,H,NA,75,NA,NA,33,610,NA,NA,NA,NA,4,2,0.5,4.26,PossibleAD,CTL,97.358004802868
AMPAD_MSSM_0000064526,hB_RNA_5141,brain,inferior frontal gyrus,44,sorted nuclei,rnaSeq,TRUE,FALSE,years,hB_RNA_5141,HiSeq2500,5.4,K82C014,rRNAdepletion,TruSeq,singleEnd,100,5141,34035094,33067531,0.014890527,rnaSeq,MSSM,Human,female,W,W,NA,75,NA,NA,44,285,NA,NA,NA,NA,2,6,1,24.15,DefiniteAD,AD,97.1571607823384
AMPAD_MSSM_0000079926,hB_RNA_8325,brain,inferior frontal gyrus,44,sorted nuclei,rnaSeq,TRUE,FALSE,years,hB_RNA_8325,HiSeq2500,6.1,K85C014,rRNAdepletion,TruSeq,singleEnd,100,8325,39297407,38485343,0.0066473614,rnaSeq,MSSM,Human,female,W,W,NA,88,NA,NA,33,360,NA,NA,NA,NA,3,6,4,NA,ProbableAD,AD,97.9335430452192
AMPAD_MSSM_0000098244,hB_RNA_8355,brain,inferior frontal gyrus,44,sorted nuclei,rnaSeq,TRUE,FALSE,years,hB_RNA_8355,HiSeq2500,5.4,K85C014,rRNAdepletion,TruSeq,singleEnd,100,8355,36590545,34807902,0.108539686,rnaSeq,MSSM,Human,female,W,W,NA,90,NA,NA,34,135,NA,NA,NA,NA,2,6,4,NA,DefiniteAD,AD,95.1281321445199
AMPAD_MSSM_0000016747,hB_RNA_8375,brain,inferior frontal gyrus,44,sorted nuclei,rnaSeq,TRUE,FALSE,years,hB_RNA_8375,HiSeq2500,5.9,K85C014,rRNAdepletion,TruSeq,singleEnd,100,8375,35236200,33866233,0.032402422,rnaSeq,MSSM,Human,male,W,W,NA,74,NA,NA,33,1545,NA,NA,NA,NA,1,1,0.5,NA,None,CTL,96.1120467019713
AMPAD_MSSM_0000012479,hB_RNA_8385,brain,inferior frontal gyrus,44,sorted nuclei,rnaSeq,TRUE,FALSE,years,hB_RNA_8385,HiSeq2500,5.7,K85C014,rRNAdepletion,TruSeq,singleEnd,100,8385,35084924,33466812,0.039368913,rnaSeq,MSSM,Human,female,W,W,NA,83,NA,NA,34,230,NA,NA,NA,NA,2,6,4,NA,DefiniteAD,AD,95.3880133814741
AMPAD_MSSM_0000055476,hB_RNA_8455,brain,inferior frontal gyrus,44,sorted nuclei,rnaSeq,TRUE,FALSE,years,hB_RNA_8455,HiSeq2500,6.2,K85C014,rRNAdepletion,TruSeq,singleEnd,100,8455,40454941,39240514,0.016034832,rnaSeq,MSSM,Human,male,W,W,NA,69,NA,NA,33,178,NA,NA,NA,NA,2,6,5,NA,DefiniteAD,AD,96.9980749693838
AMPAD_MSSM_0000013872,hB_RNA_8495,brain,inferior frontal gyrus,44,sorted nuclei,rnaSeq,TRUE,FALSE,years,hB_RNA_8495,HiSeq2500,5.1,K85C014,rRNAdepletion,TruSeq,singleEnd,100,8495,33761415,32938731,0.003705334,rnaSeq,MSSM,Human,male,U,U,NA,78,NA,NA,44,660,NA,NA,NA,NA,2,6,2,NA,DefiniteAD,AD,97.5632419435027
AMPAD_MSSM_0000030047,hB_RNA_8505,brain,inferior frontal gyrus,44,sorted nuclei,rnaSeq,TRUE,FALSE,years,hB_RNA_8505,HiSeq2500,7.7,K85C014,rRNAdepletion,TruSeq,singleEnd,100,8505,37706502,36789113,0.0068329726,rnaSeq,MSSM,Human,female,H,H,NA,90,NA,NA,33,212,NA,NA,NA,NA,4,3,3,NA,PossibleAD,CTL,97.5670270342234
AMPAD_MSSM_0000077061,hB_RNA_8545,brain,inferior frontal gyrus,44,sorted nuclei,rnaSeq,TRUE,FALSE,years,hB_RNA_8545,HiSeq2500,8.1,K85C014,rRNAdepletion,TruSeq,singleEnd,100,8545,38109357,37321330,0.00592921,rnaSeq,MSSM,Human,female,H,H,NA,89,NA,NA,33,330,NA,NA,NA,NA,2,6,3,NA,DefiniteAD,AD,97.9321954972896
AMPAD_MSSM_0000037256,hB_RNA_8595,brain,inferior frontal gyrus,44,sorted nuclei,rnaSeq,TRUE,FALSE,years,hB_RNA_8595,HiSeq2500,7.8,K85C014,rRNAdepletion,TruSeq,singleEnd,100,8595,38595975,37599391,0.013569528,rnaSeq,MSSM,Human,female,W,W,NA,82,NA,NA,23,630,NA,NA,NA,NA,4,1,0,NA,PossibleAD,CTL,97.4179069190505
AMPAD_MSSM_0000025234,hB_RNA_8605,brain,inferior frontal gyrus,44,sorted nuclei,rnaSeq,TRUE,FALSE,years,hB_RNA_8605,HiSeq2500,7.7,K85C014,rRNAdepletion,TruSeq,singleEnd,100,8605,38104497,37275242,0.0061589675,rnaSeq,MSSM,Human,female,W,W,NA,83,NA,NA,33,172,NA,NA,NA,NA,3,6,3,NA,ProbableAD,AD,97.8237345581546
AMPAD_MSSM_0000056009,hB_RNA_8625,brain,inferior frontal gyrus,44,sorted nuclei,rnaSeq,TRUE,FALSE,years,hB_RNA_8625,HiSeq2500,8.4,K85C014,rRNAdepletion,TruSeq,singleEnd,100,8625,37546719,36830840,0.0059365467,rnaSeq,MSSM,Human,female,B,B,NA,90,NA,NA,33,85,NA,NA,NA,NA,3,4,3,NA,ProbableAD,AD,98.0933646958606
AMPAD_MSSM_0000018305,hB_RNA_8635,brain,inferior frontal gyrus,44,sorted nuclei,rnaSeq,TRUE,FALSE,years,hB_RNA_8635,HiSeq2500,5.3,K85C014,rRNAdepletion,TruSeq,singleEnd,100,8635,36683381,35684229,0.008724751,rnaSeq,MSSM,Human,male,W,W,NA,82,NA,NA,34,1240,NA,NA,NA,NA,3,6,4,NA,ProbableAD,AD,97.2762815946545
AMPAD_MSSM_0000097977,hB_RNA_8655,brain,inferior frontal gyrus,44,sorted nuclei,rnaSeq,TRUE,FALSE,years,hB_RNA_8655,HiSeq2500,6.4,K85C014,rRNAdepletion,TruSeq,singleEnd,100,8655,40096400,39096670,0.012764437,rnaSeq,MSSM,Human,male,W,W,NA,84,NA,NA,33,140,NA,NA,NA,NA,3,6,3,NA,ProbableAD,AD,97.5066838918207
AMPAD_MSSM_0000061911,hB_RNA_8665,brain,inferior frontal gyrus,44,sorted nuclei,rnaSeq,TRUE,FALSE,years,hB_RNA_8665,HiSeq2500,9.6,K85C014,rRNAdepletion,TruSeq,singleEnd,100,8665,31068233,30019776,0.0043510986,rnaSeq,MSSM,Human,female,W,W,NA,90,NA,NA,33,456,NA,NA,NA,NA,1,3,0,NA,None,CTL,96.6253085587455
AMPAD_MSSM_0000082228,hB_RNA_8715,brain,inferior frontal gyrus,44,sorted nuclei,rnaSeq,TRUE,FALSE,years,hB_RNA_8715,HiSeq2500,8.1,K85C014,rRNAdepletion,TruSeq,singleEnd,100,8715,38392506,36984179,0.046723735,rnaSeq,MSSM,Human,female,W,W,NA,90,NA,NA,33,680,NA,NA,NA,NA,2,6,5,NA,DefiniteAD,AD,96.3317658920207
AMPAD_MSSM_0000039233,hB_RNA_8725,brain,inferior frontal gyrus,44,sorted nuclei,rnaSeq,TRUE,FALSE,years,hB_RNA_8725,HiSeq2500,6.9,K85C014,rRNAdepletion,TruSeq,singleEnd,100,8725,33029983,31586974,0.047927096,rnaSeq,MSSM,Human,female,W,W,NA,90,NA,NA,33,710,NA,NA,NA,NA,3,5,3,NA,ProbableAD,AD,95.6312148268438
AMPAD_MSSM_0000026792,hB_RNA_8735,brain,inferior frontal gyrus,44,sorted nuclei,rnaSeq,TRUE,FALSE,years,hB_RNA_8735,HiSeq2500,6.1,K85C014,rRNAdepletion,TruSeq,singleEnd,100,8735,39616687,38219197,0.048133325,rnaSeq,MSSM,Human,female,W,W,NA,90,NA,NA,33,195,NA,NA,NA,NA,2,6,4,NA,DefiniteAD,AD,96.4724713098801
AMPAD_MSSM_0000027965,hB_RNA_8745,brain,inferior frontal gyrus,44,sorted nuclei,rnaSeq,TRUE,FALSE,years,hB_RNA_8745,HiSeq2500,7.7,K85C014,rRNAdepletion,TruSeq,singleEnd,100,8745,27563072,26308621,0.026630549,rnaSeq,MSSM,Human,female,W,W,NA,85,NA,NA,34,250,NA,NA,NA,NA,4,2,1,NA,PossibleAD,CTL,95.4487983052107
AMPAD_MSSM_0000053661,hB_RNA_8765,brain,inferior frontal gyrus,44,sorted nuclei,rnaSeq,TRUE,FALSE,years,hB_RNA_8765,HiSeq2500,8,K85C014,rRNAdepletion,TruSeq,singleEnd,100,8765,28684878,27760784,0.021060573,rnaSeq,MSSM,Human,female,W,W,NA,85,NA,NA,33,125,NA,NA,NA,NA,4,3,4,NA,PossibleAD,CTL,96.778462854191
AMPAD_MSSM_0000084955,hB_RNA_8775,brain,inferior frontal gyrus,44,sorted nuclei,rnaSeq,TRUE,FALSE,years,hB_RNA_8775,HiSeq2500,8.3,K85C014,rRNAdepletion,TruSeq,singleEnd,100,8775,26207445,25107609,0.016913518,rnaSeq,MSSM,Human,female,W,W,NA,85,NA,NA,34,130,NA,NA,NA,NA,2,5,5,NA,DefiniteAD,AD,95.8033451944667
AMPAD_MSSM_0000007155,hB_RNA_8805,brain,inferior frontal gyrus,44,sorted nuclei,rnaSeq,TRUE,FALSE,years,hB_RNA_8805,HiSeq2500,6.1,K85C014,rRNAdepletion,TruSeq,singleEnd,100,8805,29827330,28810072,0.016139807,rnaSeq,MSSM,Human,male,W,W,NA,71,NA,NA,33,300,NA,NA,NA,NA,2,6,5,NA,DefiniteAD,AD,96.5895103584531
AMPAD_MSSM_0000037684,hB_RNA_9227,brain,inferior frontal gyrus,44,sorted nuclei,rnaSeq,TRUE,FALSE,years,hB_RNA_9227,HiSeq2500,6.5,K85C014,rRNAdepletion,TruSeq,singleEnd,100,9227,32634851,31880501,0.018265931,rnaSeq,MSSM,Human,male,W,W,NA,78,NA,NA,23,310,NA,NA,NA,NA,2,6,1,12.58,DefiniteAD,AD,97.6885140367272
AMPAD_MSSM_0000007107,hB_RNA_9228,brain,inferior frontal gyrus,44,sorted nuclei,rnaSeq,TRUE,FALSE,years,hB_RNA_9228,HiSeq2500,5.6,K82C014,rRNAdepletion,TruSeq,singleEnd,100,9228,31146605,30345870,0.020215338,rnaSeq,MSSM,Human,female,W,W,NA,86,NA,NA,33,690,NA,NA,NA,NA,1,3,0.5,0,None,CTL,97.4291419562421
AMPAD_MSSM_0000061106,hB_RNA_9229,brain,inferior frontal gyrus,44,sorted nuclei,rnaSeq,TRUE,FALSE,years,hB_RNA_9229,HiSeq2500,9.7,K82C014,rRNAdepletion,TruSeq,singleEnd,100,9229,31911975,31138008,0.0097859185,rnaSeq,MSSM,Human,female,W,W,NA,90,NA,NA,33,355,NA,NA,NA,NA,3,5,0.5,7.49,ProbableAD,AD,97.5746816046327
AMPAD_MSSM_0000080488,hB_RNA_9230,brain,inferior frontal gyrus,44,sorted nuclei,rnaSeq,TRUE,FALSE,years,hB_RNA_9230,HiSeq2500,6.9,K85C014,rRNAdepletion,TruSeq,singleEnd,100,9230,35143312,34444189,0.01995521,rnaSeq,MSSM,Human,female,B,B,NA,90,NA,NA,33,240,NA,NA,NA,NA,1,3,0.5,0,None,CTL,98.0106513580735
AMPAD_MSSM_0000077591,hB_RNA_9231,brain,inferior frontal gyrus,44,sorted nuclei,rnaSeq,TRUE,FALSE,years,hB_RNA_9231,HiSeq2500,6.5,K82C014,rRNAdepletion,TruSeq,singleEnd,100,9231,27867235,27248740,0.00926263,rnaSeq,MSSM,Human,female,W,W,NA,90,NA,NA,33,435,NA,NA,NA,NA,1,1,0.5,1.53,None,CTL,97.7805655997088
AMPAD_MSSM_0000007353,hB_RNA_8465,brain,inferior frontal gyrus,44,sorted nuclei,rnaSeq,TRUE,FALSE,years,hB_RNA_8465,HiSeq2500,6,K85C014,rRNAdepletion,TruSeq,singleEnd,100,8465,39673377,38460060,0.0055630957,rnaSeq,MSSM,Human,female,W,W,NA,90,NA,NA,33,140,NA,NA,NA,NA,2,6,3,NA,DefiniteAD,AD,96.9417350078366
AMPAD_MSSM_0000070412,hB_RNA_16525,brain,inferior frontal gyrus,44,sorted nuclei,rnaSeq,TRUE,FALSE,years,hB_RNA_16525,HiSeq2500,10,E009C189,rRNAdepletion,TruSeq,singleEnd,100,16525,27964592,27327772,0.0028850138,rnaSeq,MSSM,Human,female,W,W,NA,85,NA,NA,33,480,NA,NA,NA,NA,1,3,2,0,None,CTL,97.722763128459
AMPAD_MSSM_0000028592,hB_RNA_16535,brain,inferior frontal gyrus,44,sorted nuclei,rnaSeq,TRUE,FALSE,years,hB_RNA_16535,HiSeq2500,10,E009C189,rRNAdepletion,TruSeq,singleEnd,100,16535,35202721,34378432,0.0020217036,rnaSeq,MSSM,Human,male,W,W,NA,86,NA,NA,33,225,NA,NA,NA,NA,3,4,2,2.65,ProbableAD,AD,97.6584508907706
AMPAD_MSSM_0000090996,hB_RNA_16555,brain,inferior frontal gyrus,44,sorted nuclei,rnaSeq,TRUE,FALSE,years,hB_RNA_16555,HiSeq2500,9.9,E009C189,rRNAdepletion,TruSeq,singleEnd,100,16555,36293612,35297114,0.0019420852,rnaSeq,MSSM,Human,female,W,W,NA,90,NA,NA,33,105,NA,NA,NA,NA,1,3,0.5,0,None,CTL,97.2543432712071
AMPAD_MSSM_0000080453,hB_RNA_16575,brain,inferior frontal gyrus,44,sorted nuclei,rnaSeq,TRUE,FALSE,years,hB_RNA_16575,HiSeq2500,10,E009C189,rRNAdepletion,TruSeq,singleEnd,100,16575,34221145,33593766,0.0021702538,rnaSeq,MSSM,Human,male,H,H,NA,85,NA,NA,33,970,NA,NA,NA,NA,1,3,2,0,None,CTL,98.1666919677878
AMPAD_MSSM_0000072079,hB_RNA_16655,brain,inferior frontal gyrus,44,sorted nuclei,rnaSeq,TRUE,FALSE,years,hB_RNA_16655,HiSeq2500,10,E009C189,rRNAdepletion,TruSeq,singleEnd,100,16655,38235432,37354827,0.0031699517,rnaSeq,MSSM,Human,female,B,B,NA,64,NA,NA,34,945,NA,NA,NA,NA,2,6,3,27.6,DefiniteAD,AD,97.6968875361471
AMPAD_MSSM_0000034450,hB_RNA_16665,brain,inferior frontal gyrus,44,sorted nuclei,rnaSeq,TRUE,FALSE,years,hB_RNA_16665,HiSeq2500,9.9,E009C189,rRNAdepletion,TruSeq,singleEnd,100,16665,29222922,28585608,0.0024432575,rnaSeq,MSSM,Human,female,W,W,NA,90,NA,NA,33,215,NA,NA,NA,NA,3,6,4,4.03,ProbableAD,AD,97.819129791333
AMPAD_MSSM_0000004030,hB_RNA_16675,brain,inferior frontal gyrus,44,sorted nuclei,rnaSeq,TRUE,FALSE,years,hB_RNA_16675,HiSeq2500,10,E009C189,rRNAdepletion,TruSeq,singleEnd,100,16675,43014706,42224273,0.0028618136,rnaSeq,MSSM,Human,female,W,W,NA,88,NA,NA,34,160,NA,NA,NA,NA,3,5,1,2.33,ProbableAD,AD,98.1624121759661
AMPAD_MSSM_0000035096,hB_RNA_16685,brain,inferior frontal gyrus,44,sorted nuclei,rnaSeq,TRUE,FALSE,years,hB_RNA_16685,HiSeq2500,10,E009C189,rRNAdepletion,TruSeq,singleEnd,100,16685,38552641,37734147,0.002845778,rnaSeq,MSSM,Human,female,W,W,NA,90,NA,NA,34,185,NA,NA,NA,NA,3,6,3,3.6,ProbableAD,AD,97.8769444095931
AMPAD_MSSM_0000037941,hB_RNA_16695,brain,inferior frontal gyrus,44,sorted nuclei,rnaSeq,TRUE,FALSE,years,hB_RNA_16695,HiSeq2500,9.7,E009C189,rRNAdepletion,TruSeq,singleEnd,100,16695,41065707,39809992,0.0028571722,rnaSeq,MSSM,Human,male,W,W,NA,70,NA,NA,33,1230,NA,NA,NA,NA,1,0,0,0,None,CTL,96.9421809784013
AMPAD_MSSM_0000099345,hB_RNA_16705,brain,inferior frontal gyrus,44,sorted nuclei,rnaSeq,TRUE,FALSE,years,hB_RNA_16705,HiSeq2500,10,E009C189,rRNAdepletion,TruSeq,singleEnd,100,16705,36893359,36219737,0.0020856033,rnaSeq,MSSM,Human,female,W,W,NA,90,NA,NA,23,210,NA,NA,NA,NA,3,5,0,5.36,ProbableAD,AD,98.174137518896
AMPAD_MSSM_0000040820,hB_RNA_16715,brain,inferior frontal gyrus,44,sorted nuclei,rnaSeq,TRUE,FALSE,years,hB_RNA_16715,HiSeq2500,10,B28C849,rRNAdepletion,TruSeq,singleEnd,100,16715,63610161,62455625,0.0032964686,rnaSeq,MSSM,Human,female,W,W,NA,61,NA,NA,33,1220,NA,NA,NA,NA,1,1,0,0,None,CTL,98.1849817987412
AMPAD_MSSM_0000079856,hB_RNA_16745,brain,inferior frontal gyrus,44,sorted nuclei,rnaSeq,TRUE,FALSE,years,hB_RNA_16745,HiSeq2500,10,E009C189,rRNAdepletion,TruSeq,singleEnd,100,16745,35212068,34080541,0.03651063,rnaSeq,MSSM,Human,female,W,W,NA,83,NA,NA,23,370,NA,NA,NA,NA,1,1,5,0,None,CTL,96.7865363658846
AMPAD_MSSM_0000098107,hB_RNA_16775,brain,inferior frontal gyrus,44,sorted nuclei,rnaSeq,TRUE,FALSE,years,hB_RNA_16775,HiSeq2500,9.7,E009C189,rRNAdepletion,TruSeq,singleEnd,100,16775,33536818,32743969,0.0012593465,rnaSeq,MSSM,Human,female,W,W,NA,90,NA,NA,33,175,NA,NA,NA,NA,2,6,5,28.16,DefiniteAD,AD,97.6358848355858
AMPAD_MSSM_0000048247,hB_RNA_16795,brain,inferior frontal gyrus,44,sorted nuclei,rnaSeq,TRUE,FALSE,years,hB_RNA_16795,HiSeq2500,9.2,E009C189,rRNAdepletion,TruSeq,singleEnd,100,16795,46098092,44863361,0.0026389018,rnaSeq,MSSM,Human,female,B,B,NA,90,NA,NA,24,140,NA,NA,NA,NA,2,6,5,42,DefiniteAD,AD,97.3215138708995
AMPAD_MSSM_0000021614,hB_RNA_16805,brain,inferior frontal gyrus,44,sorted nuclei,rnaSeq,TRUE,FALSE,years,hB_RNA_16805,HiSeq2500,7.7,E009C189,rRNAdepletion,TruSeq,singleEnd,100,16805,50716334,49657651,0.0021924316,rnaSeq,MSSM,Human,female,W,W,NA,81,NA,NA,34,285,NA,NA,NA,NA,2,6,4,11.79,DefiniteAD,AD,97.9125403661866
AMPAD_MSSM_0000055245,hB_RNA_16815,brain,inferior frontal gyrus,44,sorted nuclei,rnaSeq,TRUE,FALSE,years,hB_RNA_16815,HiSeq2500,8.3,E009C189,rRNAdepletion,TruSeq,singleEnd,100,16815,25860655,25213364,0.031907365,rnaSeq,MSSM,Human,male,W,W,NA,84,NA,NA,34,175,NA,NA,NA,NA,4,0,4,2.24,PossibleAD,CTL,97.4970046195659
AMPAD_MSSM_0000090897,hB_RNA_16825,brain,inferior frontal gyrus,44,sorted nuclei,rnaSeq,TRUE,FALSE,years,hB_RNA_16825,HiSeq2500,9.6,E009C189,rRNAdepletion,TruSeq,singleEnd,100,16825,35602338,34764140,0.007852057,rnaSeq,MSSM,Human,female,W,W,NA,90,NA,NA,33,75,NA,NA,NA,NA,2,5,3,7.84,DefiniteAD,AD,97.6456658548661
AMPAD_MSSM_0000044785,hB_RNA_16845,brain,inferior frontal gyrus,44,sorted nuclei,rnaSeq,TRUE,FALSE,years,hB_RNA_16845,HiSeq2500,9,E009C189,rRNAdepletion,TruSeq,singleEnd,100,16845,34870670,33900134,0.0071535995,rnaSeq,MSSM,Human,female,W,W,NA,90,NA,NA,34,300,NA,NA,NA,NA,2,6,2,7.07,DefiniteAD,AD,97.2167555140179
AMPAD_MSSM_0000043479,hB_RNA_16855,brain,inferior frontal gyrus,44,sorted nuclei,rnaSeq,TRUE,FALSE,years,hB_RNA_16855,HiSeq2500,8.8,E009C189,rRNAdepletion,TruSeq,singleEnd,100,16855,34527637,33933470,0.0040222527,rnaSeq,MSSM,Human,male,W,W,NA,73,NA,NA,34,1264,NA,NA,NA,NA,1,2,0.5,0,None,CTL,98.2791553328715
AMPAD_MSSM_0000033868,hB_RNA_16865,brain,inferior frontal gyrus,44,sorted nuclei,rnaSeq,TRUE,FALSE,years,hB_RNA_16865,HiSeq2500,9.4,E009C189,rRNAdepletion,TruSeq,singleEnd,100,16865,35314518,34600323,0.0033333793,rnaSeq,MSSM,Human,male,W,W,NA,84,NA,NA,23,685,NA,NA,NA,NA,1,2,0.5,0,None,CTL,97.9776164579112
AMPAD_MSSM_0000036067,hB_RNA_16885,brain,inferior frontal gyrus,44,sorted nuclei,rnaSeq,TRUE,FALSE,years,hB_RNA_16885,HiSeq2500,9,E009C189,rRNAdepletion,TruSeq,singleEnd,100,16885,35085369,34238539,0.004343672,rnaSeq,MSSM,Human,female,W,W,NA,90,NA,NA,33,350,NA,NA,NA,NA,3,6,4,9.36,ProbableAD,AD,97.5863728268043
AMPAD_MSSM_0000047819,hB_RNA_16895,brain,inferior frontal gyrus,44,sorted nuclei,rnaSeq,TRUE,FALSE,years,hB_RNA_16895,HiSeq2500,8.3,B28C849,rRNAdepletion,TruSeq,singleEnd,100,16895,61376416,55247806,0.33554068,rnaSeq,MSSM,Human,male,W,W,NA,78,NA,NA,33,485,NA,NA,NA,NA,1,2,2,0,None,CTL,90.0147150983857
AMPAD_MSSM_0000056061,hB_RNA_16905,brain,inferior frontal gyrus,44,sorted nuclei,rnaSeq,TRUE,FALSE,years,hB_RNA_16905,HiSeq2500,9.2,B28C849,rRNAdepletion,TruSeq,singleEnd,100,16905,57781723,51473441,0.37484947,rnaSeq,MSSM,Human,female,W,W,NA,90,NA,NA,34,305,NA,NA,NA,NA,3,5,0.5,5.96,ProbableAD,AD,89.0825650872336
AMPAD_MSSM_0000034070,hB_RNA_16925,brain,inferior frontal gyrus,44,sorted nuclei,rnaSeq,TRUE,FALSE,years,hB_RNA_16925,HiSeq2500,9.9,E009C189,rRNAdepletion,TruSeq,singleEnd,100,16925,40114289,37846242,0.1237604,rnaSeq,MSSM,Human,female,W,W,NA,78,NA,NA,34,255,NA,NA,NA,NA,1,0,1,0,None,CTL,94.3460371440212
AMPAD_MSSM_0000019543,hB_RNA_16935,brain,inferior frontal gyrus,44,sorted nuclei,rnaSeq,TRUE,FALSE,years,hB_RNA_16935,HiSeq2500,9.8,E009C189,rRNAdepletion,TruSeq,singleEnd,100,16935,43209987,42203558,0.004722374,rnaSeq,MSSM,Human,female,W,W,NA,90,NA,NA,33,523,NA,NA,NA,NA,2,6,4,11.92,DefiniteAD,AD,97.6708416968512
AMPAD_MSSM_0000063213,hB_RNA_16945,brain,inferior frontal gyrus,44,sorted nuclei,rnaSeq,TRUE,FALSE,years,hB_RNA_16945,HiSeq2500,10,E009C189,rRNAdepletion,TruSeq,singleEnd,100,16945,42406583,41319212,0.01524683,rnaSeq,MSSM,Human,female,B,B,NA,78,NA,NA,44,220,NA,NA,NA,NA,2,6,2,20.24,DefiniteAD,AD,97.4358438641472
AMPAD_MSSM_0000080571,hB_RNA_16975,brain,inferior frontal gyrus,44,sorted nuclei,rnaSeq,TRUE,FALSE,years,hB_RNA_16975,HiSeq2500,9.9,E009C189,rRNAdepletion,TruSeq,singleEnd,100,16975,37355850,36860366,0.0023335903,rnaSeq,MSSM,Human,male,W,W,NA,64,NA,NA,34,210,NA,NA,NA,NA,4,2,0.5,9.04,PossibleAD,CTL,98.6736106928366
AMPAD_MSSM_0000012846,hB_RNA_16985,brain,inferior frontal gyrus,44,sorted nuclei,rnaSeq,TRUE,FALSE,years,hB_RNA_16985,HiSeq2500,9.6,E009C189,rRNAdepletion,TruSeq,singleEnd,100,16985,31580686,31032963,0.0029020754,rnaSeq,MSSM,Human,female,W,W,NA,83,NA,NA,23,240,NA,NA,NA,NA,1,3,1,3.6,None,CTL,98.2656393214511
AMPAD_MSSM_0000029582,hB_RNA_16995,brain,inferior frontal gyrus,44,sorted nuclei,rnaSeq,TRUE,FALSE,years,hB_RNA_16995,HiSeq2500,10,E009C189,rRNAdepletion,TruSeq,singleEnd,100,16995,50246301,49286734,0.013139478,rnaSeq,MSSM,Human,female,W,W,NA,90,NA,NA,33,170,NA,NA,NA,NA,3,5,3,10.48,ProbableAD,AD,98.0902733516642
AMPAD_MSSM_0000060126,hB_RNA_17005,brain,inferior frontal gyrus,44,sorted nuclei,rnaSeq,TRUE,FALSE,years,hB_RNA_17005,HiSeq2500,10,E009C189,rRNAdepletion,TruSeq,singleEnd,100,17005,54954266,54176568,0.0026341646,rnaSeq,MSSM,Human,female,W,W,NA,90,NA,NA,23,310,NA,NA,NA,NA,2,4,0,12.32,DefiniteAD,AD,98.5848268813198
AMPAD_MSSM_0000082391,hB_RNA_17015,brain,inferior frontal gyrus,44,sorted nuclei,rnaSeq,TRUE,FALSE,years,hB_RNA_17015,HiSeq2500,10,E009C189,rRNAdepletion,TruSeq,singleEnd,100,17015,40175148,39400845,0.018601988,rnaSeq,MSSM,Human,male,W,W,NA,90,NA,NA,23,1201,NA,NA,NA,NA,1,2,0.5,0,None,CTL,98.0726816488641
AMPAD_MSSM_0000040274,hB_RNA_17035,brain,inferior frontal gyrus,44,sorted nuclei,rnaSeq,TRUE,FALSE,years,hB_RNA_17035,HiSeq2500,9.8,E009C189,rRNAdepletion,TruSeq,singleEnd,100,17035,26297737,25953056,0.0027620255,rnaSeq,MSSM,Human,male,W,W,NA,70,NA,NA,33,1080,NA,NA,NA,NA,1,0,0,0,None,CTL,98.6893130766347
AMPAD_MSSM_0000070448,hB_RNA_17045,brain,inferior frontal gyrus,44,sorted nuclei,rnaSeq,TRUE,FALSE,years,hB_RNA_17045,HiSeq2500,9.9,E009C189,rRNAdepletion,TruSeq,singleEnd,100,17045,30110236,29633119,0.007796884,rnaSeq,MSSM,Human,male,W,W,NA,80,NA,NA,33,400,NA,NA,NA,NA,2,4,2,4.56,DefiniteAD,AD,98.4154325459289
AMPAD_MSSM_0000067720,hB_RNA_17055,brain,inferior frontal gyrus,44,sorted nuclei,rnaSeq,TRUE,FALSE,years,hB_RNA_17055,HiSeq2500,10,E009C189,rRNAdepletion,TruSeq,singleEnd,100,17055,30852249,30349603,0.0063642347,rnaSeq,MSSM,Human,male,W,W,NA,90,NA,NA,33,250,NA,NA,NA,NA,1,0,0.5,0,None,CTL,98.3707962424393
AMPAD_MSSM_0000072114,hB_RNA_17095,brain,inferior frontal gyrus,44,sorted nuclei,rnaSeq,TRUE,FALSE,years,hB_RNA_17095,HiSeq2500,10,E009C189,rRNAdepletion,TruSeq,singleEnd,100,17095,58823287,57892884,0.003911206,rnaSeq,MSSM,Human,female,W,W,NA,90,NA,NA,33,375,NA,NA,NA,NA,4,1,1,5.52,PossibleAD,CTL,98.4183083818488
AMPAD_MSSM_0000010282,hB_RNA_17105,brain,inferior frontal gyrus,44,sorted nuclei,rnaSeq,TRUE,FALSE,years,hB_RNA_17105,HiSeq2500,9.7,E009C189,rRNAdepletion,TruSeq,singleEnd,100,17105,42579081,41852074,0.003304496,rnaSeq,MSSM,Human,male,W,W,NA,73,NA,NA,33,400,NA,NA,NA,NA,2,6,3,18.64,DefiniteAD,AD,98.2925723549552
AMPAD_MSSM_0000047207,hB_RNA_17115,brain,inferior frontal gyrus,44,sorted nuclei,rnaSeq,TRUE,FALSE,years,hB_RNA_17115,HiSeq2500,10,E009C189,rRNAdepletion,TruSeq,singleEnd,100,17115,32512784,32035635,0.0039659273,rnaSeq,MSSM,Human,female,W,W,NA,90,NA,NA,33,270,NA,NA,NA,NA,1,2,2,0,None,CTL,98.5324265064474
AMPAD_MSSM_0000041763,hB_RNA_17135,brain,inferior frontal gyrus,44,sorted nuclei,rnaSeq,TRUE,FALSE,years,hB_RNA_17135,HiSeq2500,10,E009C189,rRNAdepletion,TruSeq,singleEnd,100,17135,26491686,26071228,0.0026482835,rnaSeq,MSSM,Human,male,W,W,NA,74,NA,NA,33,375,NA,NA,NA,NA,2,6,5,NA,DefiniteAD,AD,98.4128680975609
AMPAD_MSSM_0000073574,hB_RNA_16015,brain,inferior frontal gyrus,44,sorted nuclei,rnaSeq,TRUE,FALSE,years,hB_RNA_16015,HiSeq2500,6.3,E008C189,rRNAdepletion,TruSeq,singleEnd,100,16015,29305190,28645476,0.003939645,rnaSeq,MSSM,Human,female,W,W,NA,65,NA,NA,33,310,NA,NA,NA,NA,2,6,5,21.44,DefiniteAD,AD,97.7488151416183
AMPAD_MSSM_0000003566,hB_RNA_16035,brain,inferior frontal gyrus,44,sorted nuclei,rnaSeq,TRUE,FALSE,years,hB_RNA_16035,HiSeq2500,9.5,E008C189,rRNAdepletion,TruSeq,singleEnd,100,16035,47018094,45886792,0.0049919155,rnaSeq,MSSM,Human,female,W,W,NA,74,NA,NA,33,715,NA,NA,NA,NA,2,6,3,27.04,DefiniteAD,AD,97.5939007650969
AMPAD_MSSM_0000069984,hB_RNA_16045,brain,inferior frontal gyrus,44,sorted nuclei,rnaSeq,TRUE,FALSE,years,hB_RNA_16045,HiSeq2500,8.7,E008C189,rRNAdepletion,TruSeq,singleEnd,100,16045,44553915,43537968,0.004926275,rnaSeq,MSSM,Human,male,B,B,NA,75,NA,NA,33,300,NA,NA,NA,NA,1,1,0,0,None,CTL,97.7197357403945
AMPAD_MSSM_0000034701,hB_RNA_16055,brain,inferior frontal gyrus,44,sorted nuclei,rnaSeq,TRUE,FALSE,years,hB_RNA_16055,HiSeq2500,9.1,E008C189,rRNAdepletion,TruSeq,singleEnd,100,16055,37297158,36615458,0.02063858,rnaSeq,MSSM,Human,male,W,W,NA,90,NA,NA,33,520,NA,NA,NA,NA,3,4,0,1.95,ProbableAD,AD,98.1722467969275
AMPAD_MSSM_0000056537,hB_RNA_16065,brain,inferior frontal gyrus,44,sorted nuclei,rnaSeq,TRUE,FALSE,years,hB_RNA_16065,HiSeq2500,9.5,E008C189,rRNAdepletion,TruSeq,singleEnd,100,16065,40136145,39345555,0.002774926,rnaSeq,MSSM,Human,male,W,W,NA,84,NA,NA,33,380,NA,NA,NA,NA,2,6,1,11.57,DefiniteAD,AD,98.0302293605926
AMPAD_MSSM_0000045871,hB_RNA_16075,brain,inferior frontal gyrus,44,sorted nuclei,rnaSeq,TRUE,FALSE,years,hB_RNA_16075,HiSeq2500,9.5,E008C189,rRNAdepletion,TruSeq,singleEnd,100,16075,38245858,37604761,0.0042833937,rnaSeq,MSSM,Human,female,W,W,NA,90,NA,NA,33,545,NA,NA,NA,NA,4,1,0.5,4.89,PossibleAD,CTL,98.3237478944779
AMPAD_MSSM_0000033390,hB_RNA_16095,brain,inferior frontal gyrus,44,sorted nuclei,rnaSeq,TRUE,FALSE,years,hB_RNA_16095,HiSeq2500,8.7,E008C189,rRNAdepletion,TruSeq,singleEnd,100,16095,32207151,31703157,0.0026483482,rnaSeq,MSSM,Human,female,H,H,NA,77,NA,NA,33,240,NA,NA,NA,NA,1,2,0.5,0,None,CTL,98.4351487655645
AMPAD_MSSM_0000047734,hB_RNA_16105,brain,inferior frontal gyrus,44,sorted nuclei,rnaSeq,TRUE,FALSE,years,hB_RNA_16105,HiSeq2500,9.4,E008C189,rRNAdepletion,TruSeq,singleEnd,100,16105,37445858,36840393,0.0018704198,rnaSeq,MSSM,Human,male,B,B,NA,69,NA,NA,33,255,NA,NA,NA,NA,1,1,0.5,0,None,CTL,98.3830921967391
AMPAD_MSSM_0000083136,hB_RNA_16115,brain,inferior frontal gyrus,44,sorted nuclei,rnaSeq,TRUE,FALSE,years,hB_RNA_16115,HiSeq2500,9.2,E008C189,rRNAdepletion,TruSeq,singleEnd,100,16115,36369996,35766146,0.0026375502,rnaSeq,MSSM,Human,male,W,W,NA,85,NA,NA,33,125,NA,NA,NA,NA,3,5,3,10.72,ProbableAD,AD,98.3397028693652
AMPAD_MSSM_0000085981,hB_RNA_16125,brain,inferior frontal gyrus,44,sorted nuclei,rnaSeq,TRUE,FALSE,years,hB_RNA_16125,HiSeq2500,8.8,E008C189,rRNAdepletion,TruSeq,singleEnd,100,16125,39428235,38682542,0.002433604,rnaSeq,MSSM,Human,female,W,W,NA,85,NA,NA,33,260,NA,NA,NA,NA,4,2,0,4.08,PossibleAD,CTL,98.1087335002442
AMPAD_MSSM_0000008176,hB_RNA_16145,brain,inferior frontal gyrus,44,sorted nuclei,rnaSeq,TRUE,FALSE,years,hB_RNA_16145,HiSeq2500,9.1,E008C189,rRNAdepletion,TruSeq,singleEnd,100,16145,35552596,34886602,0.002140822,rnaSeq,MSSM,Human,female,W,W,NA,87,NA,NA,34,870,NA,NA,NA,NA,2,6,2,25.36,DefiniteAD,AD,98.1267359491836
AMPAD_MSSM_0000095439,hB_RNA_16155,brain,inferior frontal gyrus,44,sorted nuclei,rnaSeq,TRUE,FALSE,years,hB_RNA_16155,HiSeq2500,8.9,E008C189,rRNAdepletion,TruSeq,singleEnd,100,16155,33692436,33162702,0.0031254087,rnaSeq,MSSM,Human,female,W,W,NA,86,NA,NA,22,230,NA,NA,NA,NA,1,3,4,0,None,CTL,98.4277361245117
AMPAD_MSSM_0000038686,hB_RNA_16165,brain,inferior frontal gyrus,44,sorted nuclei,rnaSeq,TRUE,FALSE,years,hB_RNA_16165,HiSeq2500,8.4,E008C189,rRNAdepletion,TruSeq,singleEnd,100,16165,33699653,33108164,0.00462762,rnaSeq,MSSM,Human,female,W,W,NA,87,NA,NA,33,390,NA,NA,NA,NA,2,5,3,14.29,DefiniteAD,AD,98.2448216900037
AMPAD_MSSM_0000026279,hB_RNA_16175,brain,inferior frontal gyrus,44,sorted nuclei,rnaSeq,TRUE,FALSE,years,hB_RNA_16175,HiSeq2500,8.5,E008C189,rRNAdepletion,TruSeq,singleEnd,100,16175,31222298,30672915,0.0032984149,rnaSeq,MSSM,Human,male,W,W,NA,76,NA,NA,34,270,NA,NA,NA,NA,4,1,1,8.32,PossibleAD,CTL,98.2404145908799
AMPAD_MSSM_0000067819,hB_RNA_16185,brain,inferior frontal gyrus,44,sorted nuclei,rnaSeq,TRUE,FALSE,years,hB_RNA_16185,HiSeq2500,8.8,E008C189,rRNAdepletion,TruSeq,singleEnd,100,16185,28689313,28175200,0.002811941,rnaSeq,MSSM,Human,female,W,W,NA,90,NA,NA,33,275,NA,NA,NA,NA,4,3,4,3.76,PossibleAD,CTL,98.2079982187095
AMPAD_MSSM_0000099364,hB_RNA_16195,brain,inferior frontal gyrus,44,sorted nuclei,rnaSeq,TRUE,FALSE,years,hB_RNA_16195,HiSeq2500,9,E008C189,rRNAdepletion,TruSeq,singleEnd,100,16195,32801623,32242019,0.0041542063,rnaSeq,MSSM,Human,male,B,B,NA,64,NA,NA,33,193,NA,NA,NA,NA,1,0,3,0,None,CTL,98.2939746609489
AMPAD_MSSM_0000252323,hB_RNA_16215,brain,inferior frontal gyrus,44,sorted nuclei,rnaSeq,TRUE,FALSE,years,hB_RNA_16215,HiSeq2500,9.2,E008C189,rRNAdepletion,TruSeq,singleEnd,100,16215,31000331,30487524,0.0021433686,rnaSeq,MSSM,Human,female,W,W,NA,90,NA,NA,34,120,NA,NA,NA,NA,1,2,1,0,None,CTL,98.3458015335385
AMPAD_MSSM_0000061631,hB_RNA_16225,brain,inferior frontal gyrus,44,sorted nuclei,rnaSeq,TRUE,FALSE,years,hB_RNA_16225,HiSeq2500,8.9,E008C189,rRNAdepletion,TruSeq,singleEnd,100,16225,33139017,32364148,0.0034858016,rnaSeq,MSSM,Human,female,W,W,NA,85,NA,NA,33,140,NA,NA,NA,NA,3,4,5,7.04,ProbableAD,AD,97.661762266515
AMPAD_MSSM_0000015395,hB_RNA_16235,brain,inferior frontal gyrus,44,sorted nuclei,rnaSeq,TRUE,FALSE,years,hB_RNA_16235,HiSeq2500,8.9,E008C189,rRNAdepletion,TruSeq,singleEnd,100,16235,36259688,35560504,0.0033250372,rnaSeq,MSSM,Human,female,W,W,NA,82,NA,NA,34,375,NA,NA,NA,NA,4,3,5,3.76,PossibleAD,CTL,98.07173189135
AMPAD_MSSM_0000083234,hB_RNA_16255,brain,inferior frontal gyrus,44,sorted nuclei,rnaSeq,TRUE,FALSE,years,hB_RNA_16255,HiSeq2500,8.4,E008C189,rRNAdepletion,TruSeq,singleEnd,100,16255,30285937,29706969,0.0029360114,rnaSeq,MSSM,Human,female,W,W,NA,90,NA,NA,33,355,NA,NA,NA,NA,1,1,2,0,None,CTL,98.0883272655556
AMPAD_MSSM_0000066936,hB_RNA_16265,brain,inferior frontal gyrus,44,sorted nuclei,rnaSeq,TRUE,FALSE,years,hB_RNA_16265,HiSeq2500,8,E008C189,rRNAdepletion,TruSeq,singleEnd,100,16265,39502125,38690475,0.0029387854,rnaSeq,MSSM,Human,male,W,W,NA,66,NA,NA,33,454,NA,NA,NA,NA,1,2,1,0,None,CTL,97.9453004110538
AMPAD_MSSM_0000016485,hB_RNA_16275,brain,inferior frontal gyrus,44,sorted nuclei,rnaSeq,TRUE,FALSE,years,hB_RNA_16275,HiSeq2500,9.6,E008C189,rRNAdepletion,TruSeq,singleEnd,100,16275,34054860,33259366,0.0028813237,rnaSeq,MSSM,Human,male,H,H,NA,90,NA,NA,33,245,NA,NA,NA,NA,1,2,0.5,0,None,CTL,97.6640808389757
AMPAD_MSSM_0000064293,hB_RNA_16285,brain,inferior frontal gyrus,44,sorted nuclei,rnaSeq,TRUE,FALSE,years,hB_RNA_16285,HiSeq2500,9.8,E008C189,rRNAdepletion,TruSeq,singleEnd,100,16285,37974175,37306329,0.0030369647,rnaSeq,MSSM,Human,female,B,B,NA,79,NA,NA,34,1025,NA,NA,NA,NA,4,3,0,6.32,PossibleAD,CTL,98.2413153149476
AMPAD_MSSM_0000083367,hB_RNA_16295,brain,inferior frontal gyrus,44,sorted nuclei,rnaSeq,TRUE,FALSE,years,hB_RNA_16295,HiSeq2500,10,E008C189,rRNAdepletion,TruSeq,singleEnd,100,16295,39175837,38450111,0.0031598867,rnaSeq,MSSM,Human,male,W,W,NA,80,NA,NA,33,915,NA,NA,NA,NA,2,6,4,15.12,DefiniteAD,AD,98.1475162866335
AMPAD_MSSM_0000020701,hB_RNA_16315,brain,inferior frontal gyrus,44,sorted nuclei,rnaSeq,TRUE,FALSE,years,hB_RNA_16315,HiSeq2500,9.8,E008C189,rRNAdepletion,TruSeq,singleEnd,100,16315,37342935,36507296,0.0036919469,rnaSeq,MSSM,Human,male,H,H,NA,68,NA,NA,44,397,NA,NA,NA,NA,2,6,1,8.56,DefiniteAD,AD,97.7622567695871
AMPAD_MSSM_0000075505,hB_RNA_16325,brain,inferior frontal gyrus,44,sorted nuclei,rnaSeq,TRUE,FALSE,years,hB_RNA_16325,HiSeq2500,9.7,E008C189,rRNAdepletion,TruSeq,singleEnd,100,16325,34010679,33110123,0.003327683,rnaSeq,MSSM,Human,female,H,H,NA,76,NA,NA,34,195,NA,NA,NA,NA,1,3,0,0,None,CTL,97.3521375447988
AMPAD_MSSM_0000032215,hB_RNA_16335,brain,inferior frontal gyrus,44,sorted nuclei,rnaSeq,TRUE,FALSE,years,hB_RNA_16335,HiSeq2500,9.7,E008C189,rRNAdepletion,TruSeq,singleEnd,100,16335,34422337,33789694,0.0036425306,rnaSeq,MSSM,Human,female,W,W,NA,90,NA,NA,23,345,NA,NA,NA,NA,1,3,0,0,None,CTL,98.1621149081191
AMPAD_MSSM_0000019193,hB_RNA_16345,brain,inferior frontal gyrus,44,sorted nuclei,rnaSeq,TRUE,FALSE,years,hB_RNA_16345,HiSeq2500,9.9,E008C189,rRNAdepletion,TruSeq,singleEnd,100,16345,44380428,43573685,0.0021533868,rnaSeq,MSSM,Human,male,W,W,NA,85,NA,NA,34,310,NA,NA,NA,NA,2,6,3,23.03,DefiniteAD,AD,98.1822099597597
AMPAD_MSSM_0000020485,hB_RNA_16355,brain,inferior frontal gyrus,44,sorted nuclei,rnaSeq,TRUE,FALSE,years,hB_RNA_16355,HiSeq2500,9.9,E008C189,rRNAdepletion,TruSeq,singleEnd,100,16355,29374830,28639402,0.0039936937,rnaSeq,MSSM,Human,female,W,W,NA,90,NA,NA,33,1023,NA,NA,NA,NA,4,3,0,2.76,PossibleAD,CTL,97.4964008302346
AMPAD_MSSM_0000024508,hB_RNA_16375,brain,inferior frontal gyrus,44,sorted nuclei,rnaSeq,TRUE,FALSE,years,hB_RNA_16375,HiSeq2500,9.9,E008C189,rRNAdepletion,TruSeq,singleEnd,100,16375,31990828,31301393,0.0033088624,rnaSeq,MSSM,Human,male,W,W,NA,85,NA,NA,33,315,NA,NA,NA,NA,1,2,0,0,None,CTL,97.844897918866
AMPAD_MSSM_0000086050,hB_RNA_16385,brain,inferior frontal gyrus,44,sorted nuclei,rnaSeq,TRUE,FALSE,years,hB_RNA_16385,HiSeq2500,9.9,E008C189,rRNAdepletion,TruSeq,singleEnd,100,16385,37441476,36790930,0.0022635472,rnaSeq,MSSM,Human,female,W,W,NA,84,NA,NA,33,175,NA,NA,NA,NA,2,4,1,14.1,DefiniteAD,AD,98.262499053189
AMPAD_MSSM_0000065319,hB_RNA_16395,brain,inferior frontal gyrus,44,sorted nuclei,rnaSeq,TRUE,FALSE,years,hB_RNA_16395,HiSeq2500,9.9,E008C189,rRNAdepletion,TruSeq,singleEnd,100,16395,37718027,36834541,0.0041812384,rnaSeq,MSSM,Human,female,W,W,NA,78,NA,NA,33,260,NA,NA,NA,NA,2,6,2,19.12,DefiniteAD,AD,97.6576558471629
AMPAD_MSSM_0000024420,hB_RNA_16415,brain,inferior frontal gyrus,44,sorted nuclei,rnaSeq,TRUE,FALSE,years,hB_RNA_16415,HiSeq2500,10,E008C189,rRNAdepletion,TruSeq,singleEnd,100,16415,38583304,37839203,0.0039915745,rnaSeq,MSSM,Human,male,H,H,NA,83,NA,NA,23,740,NA,NA,NA,NA,1,3,0.5,NA,None,CTL,98.0714430262375
AMPAD_MSSM_0000027339,hB_RNA_16425,brain,inferior frontal gyrus,44,sorted nuclei,rnaSeq,TRUE,FALSE,years,hB_RNA_16425,HiSeq2500,10,E008C189,rRNAdepletion,TruSeq,singleEnd,100,16425,37480335,36586775,0.0044498863,rnaSeq,MSSM,Human,male,W,W,NA,84,NA,NA,33,4365,NA,NA,NA,NA,1,1,1,0,None,CTL,97.6159231234193
AMPAD_MSSM_0000006160,hB_RNA_16435,brain,inferior frontal gyrus,44,sorted nuclei,rnaSeq,TRUE,FALSE,years,hB_RNA_16435,HiSeq2500,10,E008C189,rRNAdepletion,TruSeq,singleEnd,100,16435,50730747,49211395,0.026009098,rnaSeq,MSSM,Human,male,O,O,NA,90,NA,NA,34,222,NA,NA,NA,NA,3,6,2,4.82,ProbableAD,AD,97.0050667694682
AMPAD_MSSM_0000037960,hB_RNA_16455,brain,inferior frontal gyrus,44,sorted nuclei,rnaSeq,TRUE,FALSE,years,hB_RNA_16455,HiSeq2500,10,E008C189,rRNAdepletion,TruSeq,singleEnd,100,16455,40765865,39762105,0.0028783437,rnaSeq,MSSM,Human,female,W,W,NA,90,NA,NA,33,255,NA,NA,NA,NA,2,4,2,12.4,DefiniteAD,AD,97.5377438943096
AMPAD_MSSM_0000005301,hB_RNA_16465,brain,inferior frontal gyrus,44,sorted nuclei,rnaSeq,TRUE,FALSE,years,hB_RNA_16465,HiSeq2500,9.7,E008C189,rRNAdepletion,TruSeq,singleEnd,100,16465,46275508,45099563,0.002606012,rnaSeq,MSSM,Human,female,W,W,NA,88,NA,NA,33,540,NA,NA,NA,NA,3,4,3,8.15,ProbableAD,AD,97.4588177400451
AMPAD_MSSM_0000046694,hB_RNA_16475,brain,inferior frontal gyrus,44,sorted nuclei,rnaSeq,TRUE,FALSE,years,hB_RNA_16475,HiSeq2500,10,E008C189,rRNAdepletion,TruSeq,singleEnd,100,16475,34392125,33685854,0.0027309384,rnaSeq,MSSM,Human,male,W,W,NA,90,NA,NA,23,165,NA,NA,NA,NA,1,3,4,0,None,CTL,97.946416512501
AMPAD_MSSM_0000080009,hB_RNA_16495,brain,inferior frontal gyrus,44,sorted nuclei,rnaSeq,TRUE,FALSE,years,hB_RNA_16495,HiSeq2500,10,E008C189,rRNAdepletion,TruSeq,singleEnd,100,16495,41259127,40257272,0.0022013166,rnaSeq,MSSM,Human,female,W,W,NA,90,NA,NA,33,430,NA,NA,NA,NA,3,6,4,5.28,ProbableAD,AD,97.5717978715352
AMPAD_MSSM_0000093995,hB_RNA_16505,brain,inferior frontal gyrus,44,sorted nuclei,rnaSeq,TRUE,FALSE,years,hB_RNA_16505,HiSeq2500,10,E008C189,rRNAdepletion,TruSeq,singleEnd,100,16505,38009898,37299325,0.0023034734,rnaSeq,MSSM,Human,male,W,W,NA,61,NA,NA,33,870,NA,NA,NA,NA,4,1,0.5,5.05,PossibleAD,CTL,98.1305579930785
AMPAD_MSSM_0000073787,hB_RNA_16515,brain,inferior frontal gyrus,44,sorted nuclei,rnaSeq,TRUE,FALSE,years,hB_RNA_16515,HiSeq2500,10,E008C189,rRNAdepletion,TruSeq,singleEnd,100,16515,31625534,30895568,0.002512205,rnaSeq,MSSM,Human,male,W,W,NA,66,NA,NA,24,645,NA,NA,NA,NA,1,2,0.5,0,None,CTL,97.69184608867
AMPAD_MSSM_0000083910,hB_RNA_16585,brain,inferior frontal gyrus,44,sorted nuclei,rnaSeq,TRUE,FALSE,years,hB_RNA_16585,HiSeq2500,10,E008C189,rRNAdepletion,TruSeq,singleEnd,100,16585,31613190,31156577,0.002201301,rnaSeq,MSSM,Human,female,H,H,NA,71,NA,NA,34,300,NA,NA,NA,NA,4,3,1,0.81,PossibleAD,CTL,98.5556250413198
AMPAD_MSSM_0000075093,hB_RNA_16595,brain,inferior frontal gyrus,44,sorted nuclei,rnaSeq,TRUE,FALSE,years,hB_RNA_16595,HiSeq2500,10,E008C189,rRNAdepletion,TruSeq,singleEnd,100,16595,40401890,39658091,0.008588991,rnaSeq,MSSM,Human,female,W,W,NA,78,NA,NA,33,960,NA,NA,NA,NA,1,2,0,0,None,CTL,98.1589994923505
AMPAD_MSSM_0000980386,hB_RNA_16605,brain,inferior frontal gyrus,44,sorted nuclei,rnaSeq,TRUE,FALSE,years,hB_RNA_16605,HiSeq2500,10,E008C189,rRNAdepletion,TruSeq,singleEnd,100,16605,35864081,35212546,0.002240423,rnaSeq,MSSM,Human,female,W,W,NA,90,NA,NA,34,200,NA,NA,NA,NA,4,2,2,2.88,PossibleAD,CTL,98.1833216359287
AMPAD_MSSM_0000028843,hB_RNA_16625,brain,inferior frontal gyrus,44,sorted nuclei,rnaSeq,TRUE,FALSE,years,hB_RNA_16625,HiSeq2500,9.9,E008C189,rRNAdepletion,TruSeq,singleEnd,100,16625,38906506,38154378,0.004047976,rnaSeq,MSSM,Human,female,W,W,NA,90,NA,NA,33,205,NA,NA,NA,NA,3,5,4,6.14,ProbableAD,AD,98.0668323184816
AMPAD_MSSM_0000018768,hB_RNA_16635,brain,inferior frontal gyrus,44,sorted nuclei,rnaSeq,TRUE,FALSE,years,hB_RNA_16635,HiSeq2500,9.8,E008C189,rRNAdepletion,TruSeq,singleEnd,100,16635,38371395,37642363,0.0022833052,rnaSeq,MSSM,Human,female,W,W,NA,84,NA,NA,33,230,NA,NA,NA,NA,2,6,3,NA,DefiniteAD,AD,98.1000638626769
AMPAD_MSSM_0000063927,hB_RNA_5041,brain,inferior frontal gyrus,44,sorted nuclei,rnaSeq,TRUE,FALSE,years,hB_RNA_5041,HiSeq2500,6.6,E007C014,rRNAdepletion,TruSeq,singleEnd,100,5041,104186435,99947805,0.027617974,rnaSeq,MSSM,Human,male,W,W,NA,79,NA,NA,23,780,NA,NA,NA,NA,1,2,0.5,0.26,None,CTL,95.931687268117
AMPAD_MSSM_0000029716,hB_RNA_8555,brain,inferior frontal gyrus,44,sorted nuclei,rnaSeq,TRUE,FALSE,years,hB_RNA_8555,HiSeq2500,6.8,E007C014,rRNAdepletion,TruSeq,singleEnd,100,8555,22610541,22227452,0.0034173958,rnaSeq,MSSM,Human,male,W,W,NA,87,NA,NA,33,220,NA,NA,NA,NA,2,6,3,NA,DefiniteAD,AD,98.3057061748324
AMPAD_MSSM_0000073342,hB_RNA_4782,brain,inferior frontal gyrus,44,sorted nuclei,rnaSeq,TRUE,FALSE,years,hB_RNA_4782,HiSeq2500,7.8,B18C014,rRNAdepletion,TruSeq,singleEnd,100,4782,25106543,19851156,0.7526792,rnaSeq,MSSM,Human,female,B,B,NA,62,NA,NA,23,420,NA,NA,NA,NA,1,0,0,0,None,CTL,79.0676597729922
AMPAD_MSSM_0000040855,hB_RNA_8825,brain,inferior frontal gyrus,44,sorted nuclei,rnaSeq,TRUE,FALSE,years,hB_RNA_8825,HiSeq2500,5.1,B18C014,rRNAdepletion,TruSeq,singleEnd,100,8825,33734665,32788882,0.010450067,rnaSeq,MSSM,Human,female,W,W,NA,90,NA,NA,34,75,NA,NA,NA,NA,3,4,3,NA,ProbableAD,AD,97.1964061300149
AMPAD_MSSM_0000056024,hB_RNA_8845,brain,inferior frontal gyrus,44,sorted nuclei,rnaSeq,TRUE,FALSE,years,hB_RNA_8845,HiSeq2500,7.3,B18C014,rRNAdepletion,TruSeq,singleEnd,100,8845,30364425,29569440,0.014835925,rnaSeq,MSSM,Human,female,W,W,NA,90,NA,NA,33,130,NA,NA,NA,NA,3,6,3,NA,ProbableAD,AD,97.3818539293927
AMPAD_MSSM_0000097579,hB_RNA_8865,brain,inferior frontal gyrus,44,sorted nuclei,rnaSeq,TRUE,FALSE,years,hB_RNA_8865,HiSeq2500,6.7,B18C014,rRNAdepletion,TruSeq,singleEnd,100,8865,32714686,31895117,0.015500555,rnaSeq,MSSM,Human,female,W,W,NA,90,NA,NA,33,240,NA,NA,NA,NA,4,2,3,NA,PossibleAD,CTL,97.4947979020798
AMPAD_MSSM_0000044223,hB_RNA_8875,brain,inferior frontal gyrus,44,sorted nuclei,rnaSeq,TRUE,FALSE,years,hB_RNA_8875,HiSeq2500,8.3,B18C014,rRNAdepletion,TruSeq,singleEnd,100,8875,34354921,33714971,0.009787432,rnaSeq,MSSM,Human,male,W,W,NA,87,NA,NA,34,165,NA,NA,NA,NA,2,6,5,NA,DefiniteAD,AD,98.1372392036646
AMPAD_MSSM_0000035594,hB_RNA_8885,brain,inferior frontal gyrus,44,sorted nuclei,rnaSeq,TRUE,FALSE,years,hB_RNA_8885,HiSeq2500,7.5,B18C014,rRNAdepletion,TruSeq,singleEnd,100,8885,37778314,37062069,0.009011855,rnaSeq,MSSM,Human,female,W,W,NA,90,NA,NA,33,115,NA,NA,NA,NA,2,6,3,NA,DefiniteAD,AD,98.1040842637922
AMPAD_MSSM_0000036388,hB_RNA_8895,brain,inferior frontal gyrus,44,sorted nuclei,rnaSeq,TRUE,FALSE,years,hB_RNA_8895,HiSeq2500,6.6,B18C014,rRNAdepletion,TruSeq,singleEnd,100,8895,29045637,28423534,0.012672667,rnaSeq,MSSM,Human,female,B,B,NA,89,NA,NA,33,545,NA,NA,NA,NA,4,3,1,NA,PossibleAD,CTL,97.8581877890989
AMPAD_MSSM_0000060407,hB_RNA_8945,brain,inferior frontal gyrus,44,sorted nuclei,rnaSeq,TRUE,FALSE,years,hB_RNA_8945,HiSeq2500,6,B18C014,rRNAdepletion,TruSeq,singleEnd,100,8945,36571742,35754455,0.016472716,rnaSeq,MSSM,Human,male,W,W,NA,90,NA,NA,33,180,NA,NA,NA,NA,3,5,5,NA,ProbableAD,AD,97.7652500118808
AMPAD_MSSM_0000068806,hB_RNA_8955,brain,inferior frontal gyrus,44,sorted nuclei,rnaSeq,TRUE,FALSE,years,hB_RNA_8955,HiSeq2500,6.7,B18C014,rRNAdepletion,TruSeq,singleEnd,100,8955,30358825,29693859,0.0118378345,rnaSeq,MSSM,Human,female,W,W,NA,87,NA,NA,34,330,NA,NA,NA,NA,4,3,0,NA,PossibleAD,CTL,97.8096451361342
AMPAD_MSSM_0000028083,hB_RNA_8975,brain,inferior frontal gyrus,44,sorted nuclei,rnaSeq,TRUE,FALSE,years,hB_RNA_8975,HiSeq2500,5.7,B18C014,rRNAdepletion,TruSeq,singleEnd,100,8975,36841972,36034328,0.016158704,rnaSeq,MSSM,Human,female,W,W,NA,89,NA,NA,23,180,NA,NA,NA,NA,2,6,5,NA,DefiniteAD,AD,97.8078154991269
AMPAD_MSSM_0000081405,hB_RNA_8985,brain,inferior frontal gyrus,44,sorted nuclei,rnaSeq,TRUE,FALSE,years,hB_RNA_8985,HiSeq2500,6.6,B18C014,rRNAdepletion,TruSeq,singleEnd,100,8985,33685077,32967381,0.0055542476,rnaSeq,MSSM,Human,male,B,B,NA,66,NA,NA,23,1800,NA,NA,NA,NA,1,1,0.5,NA,None,CTL,97.8693948064895
AMPAD_MSSM_0000044475,hB_RNA_8995,brain,inferior frontal gyrus,44,sorted nuclei,rnaSeq,TRUE,FALSE,years,hB_RNA_8995,HiSeq2500,7.1,B18C014,rRNAdepletion,TruSeq,singleEnd,100,8995,32559882,32018729,0.007512572,rnaSeq,MSSM,Human,female,W,W,NA,86,NA,NA,33,670,NA,NA,NA,NA,3,5,4,NA,ProbableAD,AD,98.3379761634271
AMPAD_MSSM_0000049781,hB_RNA_9015,brain,inferior frontal gyrus,44,sorted nuclei,rnaSeq,TRUE,FALSE,years,hB_RNA_9015,HiSeq2500,5.2,B18C014,rRNAdepletion,TruSeq,singleEnd,100,9015,35065787,34292436,0.0068017333,rnaSeq,MSSM,Human,female,W,W,NA,81,NA,NA,34,190,NA,NA,NA,NA,2,5,5,NA,DefiniteAD,AD,97.7945711014557
AMPAD_MSSM_0000077223,hB_RNA_9025,brain,inferior frontal gyrus,44,sorted nuclei,rnaSeq,TRUE,FALSE,years,hB_RNA_9025,HiSeq2500,7.7,B18C014,rRNAdepletion,TruSeq,singleEnd,100,9025,35304730,34567692,0.016829645,rnaSeq,MSSM,Human,female,W,W,NA,90,NA,NA,33,230,NA,NA,NA,NA,4,1,0,NA,PossibleAD,CTL,97.912353387209
AMPAD_MSSM_0000044790,hB_RNA_9035,brain,inferior frontal gyrus,44,sorted nuclei,rnaSeq,TRUE,FALSE,years,hB_RNA_9035,HiSeq2500,5.5,B18C014,rRNAdepletion,TruSeq,singleEnd,100,9035,39416302,38573177,0.009676335,rnaSeq,MSSM,Human,female,W,W,NA,90,NA,NA,34,930,NA,NA,NA,NA,3,6,3,NA,ProbableAD,AD,97.8609738681219
AMPAD_MSSM_0000031969,hB_RNA_16485,brain,inferior frontal gyrus,44,sorted nuclei,rnaSeq,TRUE,FALSE,years,hB_RNA_16485,HiSeq2500,10,B28C849,rRNAdepletion,TruSeq,singleEnd,100,16485,99796882,98212245,0.00663347,rnaSeq,MSSM,Human,male,W,W,NA,81,NA,NA,33,270,NA,NA,NA,NA,2,6,5,12.16,DefiniteAD,AD,98.4121377659875
AMPAD_MSSM_0000046265,hB_RNA_17145,brain,inferior frontal gyrus,44,sorted nuclei,rnaSeq,TRUE,FALSE,years,hB_RNA_17145,HiSeq2500,10,B28C849,rRNAdepletion,TruSeq,singleEnd,100,17145,61994315,61006098,0.0032795575,rnaSeq,MSSM,Human,male,W,W,NA,90,NA,NA,33,160,NA,NA,NA,NA,2,6,4,17.9,DefiniteAD,AD,98.4059554493021
AMPAD_MSSM_0000019281,hB_RNA_17155,brain,inferior frontal gyrus,44,sorted nuclei,rnaSeq,TRUE,FALSE,years,hB_RNA_17155,HiSeq2500,9.9,B28C849,rRNAdepletion,TruSeq,singleEnd,100,17155,78511902,77055704,0.005493584,rnaSeq,MSSM,Human,male,W,W,NA,82,NA,NA,34,410,NA,NA,NA,NA,2,6,5,NA,DefiniteAD,AD,98.1452519135252
AMPAD_MSSM_0000029124,hB_RNA_20672,brain,inferior frontal gyrus,44,sorted nuclei,rnaSeq,TRUE,FALSE,years,hB_RNA_20672,HiSeq2500,9.7,B28C849,rRNAdepletion,TruSeq,singleEnd,100,20672,70663422,69193749,0.011019897,rnaSeq,MSSM,Human,female,W,W,NA,90,NA,NA,33,85,NA,NA,NA,NA,4,2,4,2.48,PossibleAD,CTL,97.9201785614062
AMPAD_MSSM_0000070235,hB_RNA_16965_E009C189,brain,inferior frontal gyrus,44,sorted nuclei,rnaSeq,TRUE,FALSE,years,hB_RNA_16965_E009C189,HiSeq2500,9,E009C189,rRNAdepletion,TruSeq,singleEnd,100,16965,17806667,17131427,0.08728852,rnaSeq,MSSM,Human,female,W,W,NA,84,NA,NA,34,435,NA,NA,NA,NA,2,6,5,15.68,DefiniteAD,AD,96.2079371731947
AMPAD_MSSM_0000016204,hB_RNA_4398_E007C014,brain,inferior frontal gyrus,44,sorted nuclei,rnaSeq,TRUE,FALSE,years,hB_RNA_4398_E007C014,HiSeq2500,5.5,E007C014,rRNAdepletion,TruSeq,singleEnd,100,4398,8514673,7763903,0.23439783,rnaSeq,MSSM,Human,female,W,W,NA,84,NA,NA,33,120,NA,NA,NA,NA,2,6,5,20.4,DefiniteAD,AD,91.1826326154862
AMPAD_MSSM_0000040584,hB_RNA_4761_L43C014,brain,inferior frontal gyrus,44,sorted nuclei,rnaSeq,TRUE,FALSE,years,hB_RNA_4761_L43C014,HiSeq2500,7.1,L43C014,rRNAdepletion,TruSeq,singleEnd,100,4761,39989974,35371213,0.006260119,rnaSeq,MSSM,Human,male,H,H,NA,74,NA,NA,34,995,NA,NA,NA,NA,1,2,0.5,0,None,CTL,88.4502025432675
AMPAD_MSSM_0000099182,hB_RNA_4774_L43C014,brain,inferior frontal gyrus,44,sorted nuclei,rnaSeq,TRUE,FALSE,years,hB_RNA_4774_L43C014,HiSeq2500,5.7,L43C014,rRNAdepletion,TruSeq,singleEnd,100,4774,46268666,43867688,0.0033282584,rnaSeq,MSSM,Human,male,H,H,NA,78,NA,NA,34,485,NA,NA,NA,NA,1,3,0,1.84,None,CTL,94.8107905250607
AMPAD_MSSM_0000044145,hB_RNA_4791_L43C014,brain,inferior frontal gyrus,44,sorted nuclei,rnaSeq,TRUE,FALSE,years,hB_RNA_4791_L43C014,HiSeq2500,7.8,L43C014,rRNAdepletion,TruSeq,singleEnd,100,4791,60237428,55854976,0.0060445284,rnaSeq,MSSM,Human,male,W,W,NA,76,NA,NA,33,175,NA,NA,NA,NA,1,0,0,1.68,None,CTL,92.7247026549673
AMPAD_MSSM_0000011589,hB_RNA_4862_L43C014,brain,inferior frontal gyrus,44,sorted nuclei,rnaSeq,TRUE,FALSE,years,hB_RNA_4862_L43C014,HiSeq2500,7.2,L43C014,rRNAdepletion,TruSeq,singleEnd,100,4862,59399300,54415485,0.19394833,rnaSeq,MSSM,Human,female,B,B,NA,63,NA,NA,33,285,NA,NA,NA,NA,1,2,0,0,None,CTL,91.6096401809449
AMPAD_MSSM_0000076286,hB_RNA_4881_L43C014,brain,inferior frontal gyrus,44,sorted nuclei,rnaSeq,TRUE,FALSE,years,hB_RNA_4881_L43C014,HiSeq2500,6.3,L43C014,rRNAdepletion,TruSeq,singleEnd,100,4881,21564839,20811161,0.06819447,rnaSeq,MSSM,Human,male,W,W,NA,70,NA,NA,34,250,NA,NA,NA,NA,2,6,4,7.01,DefiniteAD,AD,96.5050608539206
AMPAD_MSSM_0000040816,hB_RNA_4951_L43C014,brain,inferior frontal gyrus,44,sorted nuclei,rnaSeq,TRUE,FALSE,years,hB_RNA_4951_L43C014,HiSeq2500,7.9,L43C014,rRNAdepletion,TruSeq,singleEnd,100,4951,22480407,21468726,0.0030468039,rnaSeq,MSSM,Human,male,W,W,NA,68,NA,NA,33,165,NA,NA,NA,NA,1,2,0.5,0,None,CTL,95.4997211571837
AMPAD_MSSM_0000011371,hB_RNA_4961_L43C014,brain,inferior frontal gyrus,44,sorted nuclei,rnaSeq,TRUE,FALSE,years,hB_RNA_4961_L43C014,HiSeq2500,6.8,L43C014,rRNAdepletion,TruSeq,singleEnd,100,4961,23425002,22338756,0.0028715117,rnaSeq,MSSM,Human,male,W,W,NA,90,NA,NA,33,610,NA,NA,NA,NA,1,2,0,0,None,CTL,95.3628776637885
AMPAD_MSSM_0000026992,hB_RNA_4980_L43C014,brain,inferior frontal gyrus,44,sorted nuclei,rnaSeq,TRUE,FALSE,years,hB_RNA_4980_L43C014,HiSeq2500,6,L43C014,rRNAdepletion,TruSeq,singleEnd,100,4980,30426072,29148737,0.003551612,rnaSeq,MSSM,Human,female,B,B,NA,90,NA,NA,22,125,NA,NA,NA,NA,1,3,0.5,0,None,CTL,95.801840605649
AMPAD_MSSM_0000069779,hB_RNA_5011_L43C014,brain,inferior frontal gyrus,44,sorted nuclei,rnaSeq,TRUE,FALSE,years,hB_RNA_5011_L43C014,HiSeq2500,6.5,L43C014,rRNAdepletion,TruSeq,singleEnd,100,5011,29066429,27856277,0.08393462,rnaSeq,MSSM,Human,male,W,W,NA,74,NA,NA,33,1150,NA,NA,NA,NA,1,1,0,0,None,CTL,95.8365989850353
AMPAD_MSSM_0000075954,hB_RNA_8615_B82C014,brain,inferior frontal gyrus,44,sorted nuclei,rnaSeq,TRUE,FALSE,years,hB_RNA_8615_B82C014,HiSeq2500,5.1,B82C014,rRNAdepletion,TruSeq,singleEnd,100,8615,49424992,47710398,0.010721709,rnaSeq,MSSM,Human,male,W,W,NA,74,NA,NA,23,245,NA,NA,NA,NA,2,6,2,NA,DefiniteAD,AD,96.5309169903356
