individualID,specimenID,race,sex,braak,CERAD,apoe_genotype,Dataset,pathology
R5459434,01_120405,White,Female,1,4,33,DLPFC,NoAD
R4906216,02_120405,White,Female,4,1,24,DLPFC,AD
R8329066,03_120405,White,Female,4,2,33,DLPFC,NoAD
R3405776,04_120405,White,Female,4,4,23,DLPFC,NoAD
R4415805,05_120405,White,Female,3,4,33,DLPFC,NoAD
R7721691,07_120410,White,Male,1,3,33,DLPFC,NoAD
R2581860,08_120410,White,Male,2,3,34,DLPFC,NoAD
R7210604,100_120417,White,Male,3,1,33,DLPFC,AD
R2582129,101_120418,White,Female,3,2,34,DLPFC,AD
R9579311,102_120418,White,Male,2,2,33,DLPFC,NoAD
R5574987,103_120418,White,Female,3,2,33,DLPFC,NoAD
R6555891,104_120418,White,Male,5,1,34,DLPFC,AD
R3128463,108_120418,White,Male,4,2,33,DLPFC,NoAD
R7578585,109_120418,White,Female,4,2,33,DLPFC,NoAD
R6171213,11_120410,White,Female,3,4,23,DLPFC,NoAD
R9506463,111_120418,White,Male,3,2,23,DLPFC,NoAD
R9328823,112_120418,White,Male,3,2,33,DLPFC,NoAD
R8799615,113_120418,White,Female,4,4,33,DLPFC,NoAD
R4620822,115_120418,White,Female,3,2,33,DLPFC,NoAD
R2697774,116_120418,White,Male,4,2,34,DLPFC,NoAD
R6057469,118_120418,White,Male,4,3,23,DLPFC,NoAD
R6691514,119_120418,White,Female,1,4,24,DLPFC,NoAD
R3722356,12_120410,White,Male,5,1,34,DLPFC,AD
R8935140,120_120418,White,Male,1,4,33,DLPFC,NoAD
R8998310,121_120418,White,Male,4,2,33,DLPFC,NoAD
R1073074,122_120418,White,Female,1,4,23,DLPFC,NoAD
R3987433,124_120419,White,Male,1,2,33,DLPFC,NoAD
R5992638,125_120419,White,Female,4,2,33,DLPFC,NoAD
R6589731,126_120419,White,Female,4,1,33,DLPFC,NoAD
R4575675,128_120419,White,Male,1,3,33,DLPFC,NoAD
R5131375,129_120419,White,Female,3,2,33,DLPFC,NoAD
R9400562,130_120419,White,Male,1,4,33,DLPFC,NoAD
R2703808,131_120419,White,Female,3,2,23,DLPFC,NoAD
R8410459,132_120419,White,Female,4,4,33,DLPFC,NoAD
R6415047,133_120419,White,Male,4,3,34,DLPFC,NoAD
R1103580,134_120419,White,Female,3,2,33,DLPFC,AD
R3426726,136_120419,White,Female,4,1,23,DLPFC,NoAD
R7462671,138_120419,White,Female,4,2,33,DLPFC,NoAD
R1924916,14_120410,White,Female,3,3,33,DLPFC,NoAD
R1521786,140_120419,White,Male,3,1,33,DLPFC,AD
R5694375,141_120419,White,Male,4,2,33,DLPFC,NoAD
R1214999,142_120419,White,Male,2,4,33,DLPFC,NoAD
R2716798,145_120419,White,Female,5,1,33,DLPFC,AD
R8330118,146_120419,White,Female,3,4,33,DLPFC,NoAD
R1133844,149_120419,White,Female,4,4,34,DLPFC,NoAD
R3844037,15_120410,White,Female,3,2,33,DLPFC,NoAD
R6911631,150_120419,White,Female,4,4,34,DLPFC,NoAD
R6231758,152_120419,White,Female,3,4,33,DLPFC,NoAD
R4174623,153_120423,White,Male,3,2,33,DLPFC,NoAD
R1220651,154_120423,White,Female,3,2,33,DLPFC,AD
R5196723,155_120423,White,Male,1,4,23,DLPFC,NoAD
R8054504,158_120423,White,Male,3,1,33,DLPFC,NoAD
R7325259,159_120423,White,Female,3,4,33,DLPFC,NoAD
R8783288,160_120423,White,Female,5,2,33,DLPFC,AD
R3280186,162_120423,White,Male,2,3,23,DLPFC,NoAD
R4482444,164_120423,White,Female,3,4,33,DLPFC,NoAD
R6681836,165_120423,White,Male,2,4,23,DLPFC,NoAD
R6176158,166_120423,White,Female,3,4,33,DLPFC,NoAD
R3081601,168_120423,White,Male,0,4,33,DLPFC,NoAD
R3741788,170_120423,White,Male,4,1,34,DLPFC,NoAD
R1830086,171_120423,White,Male,3,2,34,DLPFC,AD
R1039781,173_120424,White,Female,5,1,33,DLPFC,AD
R7347788,174_120424,White,Male,1,4,23,DLPFC,NoAD
R6249698,176_120424,White,Male,5,1,33,DLPFC,NoAD
R6487961,177_120424,White,Male,5,2,33,DLPFC,NoAD
R5158294,179_120424,White,Female,4,3,33,DLPFC,NoAD
R3444124,180_120424,White,Female,4,1,33,DLPFC,NoAD
R3198654,181_120424,White,Female,4,1,33,DLPFC,AD
R9818080,182_120424,White,Male,0,4,33,DLPFC,NoAD
R3452739,183_120424,White,Male,3,2,33,DLPFC,NoAD
R4817881,185_120424,White,Male,4,2,33,DLPFC,AD
R5225205,186_120424,White,Female,5,1,33,DLPFC,AD
R7840275,187_120424,White,Male,4,2,34,DLPFC,NoAD
R9473965,188_120424,White,Male,5,2,24,DLPFC,AD
R2575548,19_120411,White,Male,4,1,33,DLPFC,NoAD
R3769291,190_120424,White,Male,3,4,23,DLPFC,NoAD
R6849345,191_120424,White,Female,4,2,23,DLPFC,NoAD
R9817161,193_120424,White,Female,5,1,33,DLPFC,AD
R3776872,196_120424,White,Male,3,1,24,DLPFC,AD
R4087141,197_120424,White,Female,5,1,34,DLPFC,AD
R2424757,20_120411,White,Female,5,1,24,DLPFC,AD
R6627307,200_120424,White,Male,5,2,33,DLPFC,NoAD
R6478102,201_120424,White,Female,5,1,34,DLPFC,AD
R2386521,202_120424,White,Female,4,1,34,DLPFC,AD
R6739300,203_120424,White,Female,5,2,33,DLPFC,AD
R1617674,204_120424,White,Female,3,2,23,DLPFC,AD
R1344510,206_120424,White,Female,3,4,33,DLPFC,NoAD
R9936070,207_120424,White,Male,2,2,33,DLPFC,NoAD
R1944372,21_120411,White,Male,3,4,33,DLPFC,NoAD
R2731764,212_120424,White,Female,3,2,33,DLPFC,NoAD
R6665276,213_120425,White,Female,0,4,33,DLPFC,NoAD
R4042599,214_120425,White,Female,5,1,23,DLPFC,AD
R5234179,215_120425,White,Male,3,3,33,DLPFC,NoAD
R9255058,216_120425,White,Male,3,2,33,DLPFC,NoAD
R4292728,218_120425,White,Male,3,4,33,DLPFC,NoAD
R6934314,219_120425,White,Male,2,3,33,DLPFC,NoAD
R2472304,220_120425,White,Female,3,2,34,DLPFC,NoAD
R7272395,221_120425,White,Female,1,2,33,DLPFC,NoAD
R9113571,222_120425,White,Female,3,4,23,DLPFC,NoAD
R5369295,224_120425,White,Female,5,2,34,DLPFC,NoAD
R2397348,227_120425,White,Female,4,2,33,DLPFC,NoAD
R3631183,228_120425,White,Female,4,1,34,DLPFC,AD
R2565200,229_120425,White,Female,4,1,33,DLPFC,AD
R2859649,23_120411,White,Female,4,1,33,DLPFC,AD
R4077358,231_120425,White,Male,4,1,23,DLPFC,AD
R3744330,232_120425,White,Female,5,1,34,DLPFC,AD
R9101940,234_120425,White,Female,1,3,33,DLPFC,NoAD
R5026720,236_120425,White,Female,4,2,33,DLPFC,NoAD
R2895885,237_120426,White,Male,5,1,34,DLPFC,AD
R5053212,238_120426,White,Male,3,2,33,DLPFC,AD
R1672797,24_120411,White,Female,4,1,33,DLPFC,AD
R2124216,240_120426,White,Male,3,2,23,DLPFC,NoAD
R3900996,241_120426,White,Male,3,2,34,DLPFC,AD
R8704458,242_120426,White,Female,3,2,33,DLPFC,NoAD
R1028639,243_120426,White,Male,4,1,34,DLPFC,AD
R7095349,244_120426,White,Female,4,2,33,DLPFC,AD
R3328867,245_120426,White,Male,3,4,23,DLPFC,NoAD
R4897970,246_120426,White,Female,5,1,33,DLPFC,NoAD
R3917022,248_120426,White,Male,2,4,33,DLPFC,NoAD
R4087581,25_120411,White,Female,2,4,33,DLPFC,NoAD
R4078277,250_120426,White,Male,2,1,33,DLPFC,NoAD
R4332132,251_120426,White,Female,4,2,23,DLPFC,AD
R7641350,252_120426,White,Male,4,2,23,DLPFC,AD
R3978789,253_120426,White,Female,4,4,23,DLPFC,NoAD
R8415954,254_120426,White,Female,5,1,34,DLPFC,AD
R4859661,255_120426,White,Female,3,4,33,DLPFC,NoAD
R1583702,256_120426,White,Female,4,1,34,DLPFC,AD
R1620679,257_120426,White,Female,4,4,22,DLPFC,NoAD
R2488731,258_120426,White,Male,5,2,34,DLPFC,AD
R6001210,259_120426,White,Female,3,3,23,DLPFC,NoAD
R8180874,26_120411,White,Male,4,2,33,DLPFC,NoAD
R8860977,260_120426,White,Female,3,3,33,DLPFC,NoAD
R6284240,266_120430,White,Female,3,4,33,DLPFC,NoAD
R8744945,267_120430,White,Male,3,4,33,DLPFC,NoAD
R2110067,269_120430,White,Male,5,2,33,DLPFC,NoAD
R3485645,270_120430,White,Female,2,3,33,DLPFC,NoAD
R3910349,271_120430,White,Female,1,4,23,DLPFC,NoAD
R3518363,272_120430,White,Female,3,2,34,DLPFC,NoAD
R8850524,273_120430,White,Female,5,2,34,DLPFC,AD
R9163526,274_120430,White,Male,4,4,33,DLPFC,NoAD
R7904841,276_120430,White,Female,1,3,33,DLPFC,NoAD
R3579460,277_120430,White,Female,5,1,34,DLPFC,NoAD
R8316516,279_120430,White,Female,3,2,33,DLPFC,NoAD
R7384738,28_120411,White,Female,5,1,34,DLPFC,AD
R5557408,280_120430,White,Female,5,1,23,DLPFC,AD
R5356410,281_120430,White,Female,4,2,23,DLPFC,NoAD
R6799253,283_120430,White,Female,3,4,23,DLPFC,NoAD
R4641987,284_120430,White,Male,3,4,33,DLPFC,NoAD
R6392007,285_120430,White,Female,3,4,33,DLPFC,NoAD
R6655598,286_120430,White,Male,4,1,33,DLPFC,AD
R3589148,287_120430,White,Female,3,2,33,DLPFC,AD
R9116123,288_120430,White,Female,3,4,33,DLPFC,NoAD
R4379962,289_120430,White,Male,5,1,33,DLPFC,AD
R2140101,29_120416,White,Male,3,4,33,DLPFC,NoAD
R8725848,290_120430,White,Female,3,4,33,DLPFC,NoAD
R3757880,291_120430,White,Female,3,1,34,DLPFC,NoAD
R7066784,292_120430,White,Female,6,1,33,DLPFC,AD
R5789564,294_120430,White,Female,4,2,33,DLPFC,NoAD
R1980623,296_120430,White,Male,4,2,34,DLPFC,NoAD
R1660726,298_120430,White,Male,1,4,33,DLPFC,NoAD
R5883172,299_120430,White,Female,2,3,33,DLPFC,NoAD
R2670295,30_120416,White,Female,5,2,34,DLPFC,NoAD
R3937593,300_120430,White,Female,4,2,33,DLPFC,AD
R7054373,302_120430,White,Female,3,2,33,DLPFC,AD
R4531942,303_120430,White,Male,0,2,33,DLPFC,NoAD
R5508487,304_120430,Black,Male,5,1,33,DLPFC,AD
R9395022,305_120430,White,Male,3,2,33,DLPFC,NoAD
R1588427,306_120430,White,Male,3,3,22,DLPFC,NoAD
R2616766,307_120430,White,Female,5,2,34,DLPFC,NoAD
R9033345,309_120430,White,Male,5,1,33,DLPFC,AD
R3553915,310_120430,White,Female,5,1,33,DLPFC,AD
R9225354,312_120430,White,Female,1,2,34,DLPFC,NoAD
R5221394,314_120501,White,Male,1,4,33,DLPFC,NoAD
R8572172,315_120501,White,Female,2,2,33,DLPFC,NoAD
R9329742,318_120501,White,Female,4,1,34,DLPFC,AD
R6163593,32_120416,Black,Male,3,3,33,DLPFC,NoAD
R9426782,321_120501,White,Male,6,1,34,DLPFC,AD
R4986745,322_120501,White,Female,4,2,33,DLPFC,NoAD
R1801421,323_120501,White,Male,1,1,34,DLPFC,NoAD
R6728038,325_120501,White,Male,3,2,33,DLPFC,NoAD
R4047989,326_120501,White,Female,5,1,34,DLPFC,AD
R3984996,328_120501,White,Male,3,2,34,DLPFC,NoAD
R8741068,329_120501,White,Male,1,4,33,DLPFC,NoAD
R6003498,33_120416,White,Female,4,4,23,DLPFC,NoAD
R5374583,331_120501,White,Female,1,4,33,DLPFC,NoAD
R1721075,332_120501,White,Male,5,2,33,DLPFC,NoAD
R3825485,334_120501,White,Female,1,2,33,DLPFC,NoAD
R7540069,335_120501,White,Female,5,1,33,DLPFC,NoAD
R2793780,336_120501,White,Female,3,4,33,DLPFC,NoAD
R8059994,337_120501,White,Female,3,4,34,DLPFC,NoAD
R2367199,339_120501,White,Male,4,2,33,DLPFC,NoAD
R7758743,34_120416,White,Female,4,1,34,DLPFC,AD
R9127940,340_120501,White,Female,1,4,24,DLPFC,NoAD
R7025378,344_120501,White,Male,4,1,34,DLPFC,NoAD
R4570065,345_120501,White,Female,1,4,33,DLPFC,NoAD
R4976287,347_120501,White,Male,4,2,33,DLPFC,AD
R3784607,349_120501,White,Female,4,2,33,DLPFC,NoAD
R3322663,35_120416,White,Male,4,2,34,DLPFC,NoAD
R7912121,350_120501,White,Male,4,1,44,DLPFC,AD
R2554598,351_120501,White,Male,1,2,33,DLPFC,NoAD
R5162558,352_120501,White,Male,2,4,33,DLPFC,NoAD
R4900012,353_120501,White,Female,3,2,33,DLPFC,AD
R1888413,354_120501,White,Male,4,4,34,DLPFC,NoAD
R5525186,355_120501,White,Male,5,1,34,DLPFC,AD
R2398487,356_120501,White,Female,3,2,24,DLPFC,AD
R9245150,358_120502,White,Female,4,2,33,DLPFC,NoAD
R6352950,359_120502,White,Female,5,2,34,DLPFC,AD
R6253512,36_120416,White,Female,5,1,24,DLPFC,AD
R3176125,360_120502,White,Female,3,4,33,DLPFC,NoAD
R4388056,363_120502,White,Male,4,1,34,DLPFC,AD
R1777884,364_120502,White,Female,5,1,33,DLPFC,AD
R9809661,366_120502,White,Female,4,2,34,DLPFC,AD
R1658200,367_120502,White,Female,4,2,33,DLPFC,AD
R6765868,368_120502,White,Female,3,3,33,DLPFC,NoAD
R3035452,369_120502,White,Male,4,1,33,DLPFC,AD
R2709337,37_120416,White,Female,5,1,34,DLPFC,AD
R7137826,370_120502,White,Female,4,2,24,DLPFC,NoAD
R9585968,371_120502,White,Male,1,4,33,DLPFC,NoAD
R4021549,372_120502,White,Male,2,4,33,DLPFC,NoAD
R4242773,375_120502,White,Female,3,4,23,DLPFC,NoAD
R7047807,377_120503,White,Male,1,2,33,DLPFC,NoAD
R4182458,378_120503,White,Female,4,2,33,DLPFC,NoAD
R3596834,38_120416,White,Female,5,1,33,DLPFC,AD
R6531744,380_120503,White,Female,2,4,23,DLPFC,NoAD
R1141019,381_120503,White,Female,3,2,33,DLPFC,AD
R6862468,383_120503,White,Male,5,1,33,DLPFC,AD
R2346589,384_120503,White,Male,4,1,33,DLPFC,AD
R7920516,385_120503,White,Female,4,3,33,DLPFC,NoAD
R6751504,386_120503,White,Female,4,4,33,DLPFC,NoAD
R5454379,388_120503,White,Female,3,4,33,DLPFC,NoAD
R7157957,389_120503,White,Female,4,4,34,DLPFC,NoAD
R9042659,39_120416,Black,Female,4,1,33,DLPFC,NoAD
R7995082,390_120503,White,Female,4,1,33,DLPFC,NoAD
R9598418,391_120503,White,Female,3,3,33,DLPFC,NoAD
R5385855,392_120503,White,Female,5,1,44,DLPFC,AD
R6346298,393_120503,White,Female,1,4,33,DLPFC,NoAD
R7334123,394_120503,White,Male,2,4,23,DLPFC,NoAD
R1969233,396_120503,White,Male,3,3,34,DLPFC,NoAD
R8626395,397_120503,White,Female,4,2,33,DLPFC,AD
R2516394,398_120503,White,Female,5,1,33,DLPFC,AD
R7696135,399_120503,White,Female,4,2,33,DLPFC,NoAD
R4249236,40_120416,White,Male,3,2,33,DLPFC,NoAD
R7767837,402_120503,White,Female,4,1,34,DLPFC,NoAD
R6312023,403_120503,White,Male,4,2,34,DLPFC,NoAD
R8983137,405_120503,White,Female,2,4,33,DLPFC,NoAD
R2372487,406_120503,White,Female,5,2,33,DLPFC,AD
R5965031,407_120503,White,Male,5,1,34,DLPFC,AD
R9145673,408_120503,White,Female,4,4,23,DLPFC,NoAD
R9205118,410_120503,White,Female,2,3,33,DLPFC,NoAD
R4602424,411_120503,White,Male,3,2,34,DLPFC,AD
R5483154,412_120503,White,Male,3,3,33,DLPFC,NoAD
R7851092,413_120503,White,Female,5,1,34,DLPFC,NoAD
R9582641,414_120503,White,Male,4,2,33,DLPFC,NoAD
R3408213,415_120503,White,Female,4,2,23,DLPFC,NoAD
R5636935,416_120503,White,Female,2,4,33,DLPFC,NoAD
R9307768,418_120507,Black,Male,3,4,34,DLPFC,NoAD
R5766881,419_120507,White,Female,4,2,33,DLPFC,AD
R6557859,420_120507,White,Female,3,1,34,DLPFC,AD
R6267541,423_120507,White,Female,1,4,33,DLPFC,NoAD
R7583108,424_120507,White,Male,6,1,34,DLPFC,AD
R7594705,425_120507,White,Female,5,2,34,DLPFC,AD
R2373966,426_120507,White,Male,3,3,33,DLPFC,NoAD
R5188003,427_120507,White,Male,4,1,34,DLPFC,AD
R8293796,428_120507,White,Female,4,3,33,DLPFC,NoAD
R1531359,429_120507,White,Female,3,1,23,DLPFC,AD
R7483736,430_120507,White,Male,3,3,23,DLPFC,NoAD
R7876628,431_120507,White,Female,5,2,33,DLPFC,AD
R8451530,434_120507,White,Male,4,1,33,DLPFC,AD
R4244951,435_120507,White,Female,3,4,33,DLPFC,NoAD
R5907586,437_120507,White,Female,4,3,33,DLPFC,NoAD
R5079327,438_120507,White,Male,4,1,33,DLPFC,NoAD
R2979477,44_120416,White,Female,1,2,34,DLPFC,NoAD
R5508047,440_120507,White,Female,4,4,23,DLPFC,NoAD
R1287407,443_120507,White,Female,5,1,34,DLPFC,NoAD
R2624931,444_120507,White,Female,4,1,33,DLPFC,AD
R7791442,445_120507,White,Female,4,2,33,DLPFC,NoAD
R3948425,448_120507,White,Male,3,4,33,DLPFC,NoAD
R5079107,449_120507,White,Male,3,3,33,DLPFC,NoAD
R4728676,45_120416,White,Male,2,4,33,DLPFC,NoAD
R7143693,450_120507,White,Female,3,4,33,DLPFC,NoAD
R4619330,452_120507,White,Female,4,2,23,DLPFC,AD
R9596785,453_120507,White,Male,4,2,34,DLPFC,NoAD
R6058053,456_120507,White,Male,1,4,33,DLPFC,NoAD
R4762074,458_120507,White,Male,2,2,34,DLPFC,NoAD
R2866440,459_120514,White,Female,5,1,34,DLPFC,AD
R9088015,46_120416,White,Male,3,2,33,DLPFC,NoAD
R2494273,460_120514,White,Female,4,4,33,DLPFC,NoAD
R6743664,461_120514,White,Male,1,4,23,DLPFC,NoAD
R7796947,462_120514,White,Female,3,3,33,DLPFC,NoAD
R7978618,463_120514,White,Female,4,1,33,DLPFC,NoAD
R4289838,464_120514,White,Male,4,2,33,DLPFC,NoAD
R6622577,466_120514,White,Female,4,4,33,DLPFC,NoAD
R5973191,468_120514,White,Female,2,3,33,DLPFC,NoAD
R4903779,469_120514,White,Male,3,1,33,DLPFC,AD
R6068406,47_120416,White,Female,4,2,33,DLPFC,AD
R4260171,470_120514,White,Male,1,4,33,DLPFC,NoAD
R8553415,471_120514,White,Male,1,4,24,DLPFC,NoAD
R1476204,472_120514,White,Female,5,2,33,DLPFC,AD
R3739042,473_120514,White,Female,5,1,34,DLPFC,NoAD
R6114572,474_120514,White,Male,4,2,33,DLPFC,NoAD
R6268135,475_120514,White,Male,3,2,33,DLPFC,NoAD
R8457289,476_120514,White,Male,4,1,34,DLPFC,NoAD
R9072353,477_120514,White,Female,2,4,33,DLPFC,NoAD
R4053976,478_120514,White,Female,3,2,33,DLPFC,NoAD
R7738727,479_120514,White,Female,3,2,23,DLPFC,NoAD
R4689636,480_120514,White,Male,2,4,33,DLPFC,NoAD
R3328752,481_120514,White,Female,2,4,34,DLPFC,NoAD
R8971831,482_120514,White,Male,3,1,33,DLPFC,AD
R7039412,483_120515,White,Male,0,4,33,DLPFC,NoAD
R2645096,484_120515,White,Female,2,2,33,DLPFC,NoAD
R3008520,485_120515,White,Male,4,2,33,DLPFC,AD
R7141740,486_120515,White,Female,4,1,34,DLPFC,AD
R9904978,487_120515,White,Male,1,3,33,DLPFC,NoAD
R2310801,488_120515,Black,Female,4,2,33,DLPFC,AD
R6759986,489_120515,White,Female,4,2,34,DLPFC,AD
R5256488,491_120515,White,Female,4,2,23,DLPFC,NoAD
R5693901,492_120515,White,Male,5,2,33,DLPFC,AD
R9771008,493_120515,White,Male,5,2,33,DLPFC,AD
R6226355,494_120515,White,Female,5,1,34,DLPFC,AD
R8466373,495_120515,White,Female,3,3,34,DLPFC,NoAD
R1977848,496_120515,White,Male,3,2,33,DLPFC,NoAD
R3391715,497_120515,White,Female,5,1,34,DLPFC,AD
R5850046,498_120515,White,Male,1,4,23,DLPFC,NoAD
R5211056,500_120515,White,Female,5,1,34,DLPFC,AD
R3811781,501_120515,White,Male,3,4,22,DLPFC,NoAD
R3143439,502_120515,White,Female,3,4,33,DLPFC,NoAD
R5541746,505_120515,White,Female,1,4,33,DLPFC,NoAD
R8155560,506_120515,White,Female,3,3,33,DLPFC,NoAD
R8882846,507_120515,White,Female,4,2,23,DLPFC,AD
R1218460,508_120515,White,Female,3,4,33,DLPFC,NoAD
R2264515,509_120515,White,Female,5,2,34,DLPFC,AD
R1158585,51_120416,White,Male,4,2,23,DLPFC,AD
R9976232,510_120515,White,Female,4,4,33,DLPFC,NoAD
R5955028,511_120515,White,Female,5,1,33,DLPFC,AD
R1173111,513_120515,White,Female,4,1,33,DLPFC,NoAD
R5447358,515_120515,White,Female,3,4,22,DLPFC,NoAD
R1042011,516_120515,White,Female,2,4,23,DLPFC,NoAD
R7286984,517_120515,White,Male,2,4,33,DLPFC,NoAD
R9809441,52_120416,White,Female,5,2,33,DLPFC,AD
R7881801,520_120515,White,Female,4,1,33,DLPFC,AD
R7911202,521_120515,White,Male,3,4,33,DLPFC,NoAD
R9781891,522_120515,White,Female,3,2,34,DLPFC,NoAD
R2079629,523_120515,White,Female,4,2,33,DLPFC,AD
R8845676,524_120515,White,Female,5,2,34,DLPFC,NoAD
R1743384,525_120515,White,Female,2,4,33,DLPFC,NoAD
R6122967,526_120515,White,Female,5,2,33,DLPFC,AD
R3857927,528_120515,White,Female,3,3,33,DLPFC,NoAD
R5683778,53_120417,White,Female,3,4,33,DLPFC,NoAD
R7833589,530_120515,Black,Female,4,4,33,DLPFC,NoAD
R1154454,531_120516,White,Male,6,1,33,DLPFC,AD
R2006886,532_120516,White,Female,4,2,23,DLPFC,AD
R8553520,533_120516,White,Female,4,3,23,DLPFC,NoAD
R4527133,534_120516,White,Male,2,4,33,DLPFC,NoAD
R6754596,535_120516,White,Female,4,3,23,DLPFC,NoAD
R4567280,536_120516,White,Female,2,3,23,DLPFC,NoAD
R5405023,537_120516,White,Female,5,1,34,DLPFC,AD
R4022468,538_120516,White,Female,4,4,33,DLPFC,NoAD
R4917253,539_120516,White,Female,2,2,33,DLPFC,NoAD
R8647890,54_120417,White,Male,4,2,34,DLPFC,AD
R7208968,540_120516,White,Male,5,2,33,DLPFC,AD
R4242008,541_120516,White,Female,3,3,33,DLPFC,NoAD
R4990009,542_120516,White,Female,4,2,33,DLPFC,NoAD
R1105988,543_120516,White,Female,4,2,33,DLPFC,NoAD
R7874995,544_120516,White,Female,3,3,33,DLPFC,NoAD
R2731324,545_120516,White,Male,3,1,33,DLPFC,AD
R9419876,547_120516,White,Male,2,4,33,DLPFC,NoAD
R2045909,548_120516,White,Male,3,4,33,DLPFC,NoAD
R3111222,549_120517,White,Female,4,2,33,DLPFC,AD
R6265038,550_120517,White,Female,5,1,33,DLPFC,AD
R5656511,551_120517,White,Female,3,4,23,DLPFC,NoAD
R6536134,553_120517,White,Female,5,1,33,DLPFC,AD
R8072902,554_120517,White,Female,5,1,33,DLPFC,AD
R9354381,555_120517,White,Female,5,1,33,DLPFC,NoAD
R8834184,556_120517,White,Male,1,3,24,DLPFC,NoAD
R1074668,557_120517,White,Female,3,2,33,DLPFC,AD
R7298955,559_120517,White,Female,4,3,23,DLPFC,NoAD
R7043881,56_120417,White,Female,4,1,34,DLPFC,AD
R2197944,560_120517,White,Female,5,1,34,DLPFC,AD
R1236313,561_120517,White,Female,3,3,44,DLPFC,NoAD
R6132310,562_120517,White,Female,4,2,33,DLPFC,NoAD
R1015854,563_120517,White,Female,2,4,33,DLPFC,NoAD
R1924801,564_120517,White,Male,0,4,33,DLPFC,NoAD
R8937093,565_120517,White,Female,3,2,23,DLPFC,AD
R4841941,567_120521,White,Female,1,4,23,DLPFC,NoAD
R8573871,568_120521,White,Female,5,1,34,DLPFC,AD
R2455930,569_120521,White,Female,3,3,33,DLPFC,NoAD
R8375980,57_120417,White,Female,4,4,33,DLPFC,NoAD
R5357999,571_120521,White,Female,4,4,23,DLPFC,NoAD
R4790045,572_120521,White,Male,4,2,33,DLPFC,NoAD
R2649907,573_120521,White,Female,4,2,34,DLPFC,NoAD
R3400726,574_120521,White,Female,4,1,34,DLPFC,NoAD
R1822146,575_120521,White,Female,4,2,33,DLPFC,NoAD
R9210731,576_120521,White,Male,2,4,33,DLPFC,NoAD
R5927382,577_120521,White,Male,3,4,23,DLPFC,NoAD
R9101835,578_120521,White,Female,3,3,23,DLPFC,NoAD
R7207154,58_120417,White,Male,1,4,23,DLPFC,NoAD
R8635714,580_120521,White,Male,4,4,33,DLPFC,NoAD
R2111091,581_120521,White,Female,4,2,33,DLPFC,NoAD
R3535957,582_120521,White,Female,3,2,33,DLPFC,AD
R5259690,583_120522,White,Male,3,4,33,DLPFC,NoAD
R8129442,584_120522,White,Male,4,2,33,DLPFC,AD
R4119160,586_120522,White,Male,4,2,33,DLPFC,NoAD
R2212277,587_120522,White,Female,1,4,33,DLPFC,NoAD
R3368249,588_120522,White,Female,4,4,33,DLPFC,NoAD
R9286126,589_120522,White,Female,3,2,33,DLPFC,NoAD
R8044591,590_120522,White,Female,2,3,33,DLPFC,NoAD
R6820248,591_120522,White,Female,4,1,33,DLPFC,AD
R8444624,593_120522,White,Female,2,2,33,DLPFC,NoAD
R6939144,594_120522,White,Male,4,2,34,DLPFC,AD
R5334541,595_120522,White,Female,3,2,23,DLPFC,NoAD
R4935546,596_120522,White,Female,1,3,34,DLPFC,NoAD
R3874626,599_120523,White,Female,4,2,33,DLPFC,NoAD
R3160138,60_120417,White,Male,1,3,34,DLPFC,NoAD
R9489952,600_120523,White,Female,3,2,23,DLPFC,NoAD
R9680160,602_120523,White,Female,5,1,34,DLPFC,AD
R4470253,603_120523,White,Male,5,2,34,DLPFC,NoAD
R3077672,604_120523,White,Female,5,1,33,DLPFC,AD
R3121235,605_120523,White,Female,4,4,33,DLPFC,NoAD
R2474257,606_120523,White,Female,6,1,33,DLPFC,AD
R8963331,607_120523,White,Female,3,1,33,DLPFC,AD
R6604064,608_120523,White,Male,4,1,34,DLPFC,NoAD
R1407047,610_120523,White,Male,2,4,33,DLPFC,NoAD
R4276053,613_120523,White,Female,3,2,23,DLPFC,AD
R2678902,614_120523,White,Female,3,2,33,DLPFC,NoAD
R8759568,616_120524,White,Male,1,4,33,DLPFC,NoAD
R2992930,617_120524,White,Male,5,1,34,DLPFC,AD
R5177066,618_120524,White,Male,3,2,33,DLPFC,NoAD
R9253870,619_120524,White,Male,4,2,34,DLPFC,AD
R1262106,620_120524,White,Female,4,1,33,DLPFC,NoAD
R9217634,624_120524,Black,Female,3,1,33,DLPFC,AD
R8774534,625_120524,White,Female,1,4,34,DLPFC,NoAD
R2543886,626_120524,White,Male,3,4,33,DLPFC,NoAD
R5031238,628_120524,White,Male,5,1,34,DLPFC,AD
R8075334,629_120524,White,Male,4,3,34,DLPFC,NoAD
R2398607,630_120524,White,Female,5,1,34,DLPFC,AD
R1213305,631_120524,White,Male,2,4,33,DLPFC,NoAD
R4581557,632_120524,White,Male,4,2,23,DLPFC,AD
R8351613,633_120524,White,Male,3,4,33,DLPFC,NoAD
R9652199,634_120524,White,Female,3,2,33,DLPFC,NoAD
R6636386,635_120524,White,Male,5,1,33,DLPFC,AD
R6319811,636_120524,White,Female,4,3,33,DLPFC,NoAD
R3257830,637_120524,White,Male,3,1,33,DLPFC,NoAD
R2881301,638_120524,White,Male,3,4,33,DLPFC,NoAD
R3837901,64_120417,White,Female,4,2,23,DLPFC,NoAD
R9566976,641_120524,White,Female,3,3,33,DLPFC,NoAD
R3927700,643_120524,White,Female,3,1,33,DLPFC,NoAD
R4014413,644_120524,White,Female,4,2,34,DLPFC,AD
R1547566,646_120524,White,Female,5,1,34,DLPFC,AD
R6292415,647_120529,White,Female,3,4,33,DLPFC,NoAD
R5739959,648_120529,White,Male,1,3,33,DLPFC,NoAD
R9905342,649_120529,White,Female,3,1,34,DLPFC,AD
R6337324,65_120417,White,Male,3,4,33,DLPFC,NoAD
R9649089,653_120529,White,Female,4,3,23,DLPFC,NoAD
R9254464,654_120529,White,Female,5,2,33,DLPFC,AD
R8629052,656_120529,White,Female,5,2,33,DLPFC,AD
R2167020,657_120529,White,Male,5,2,34,DLPFC,AD
R7903817,66_120417,White,Female,4,2,34,DLPFC,NoAD
R6879714,660_120530,White,Male,3,4,33,DLPFC,NoAD
R8724814,662_120530,White,Female,4,1,33,DLPFC,NoAD
R7993799,663_120530,White,Female,6,1,33,DLPFC,AD
R4937504,664_120530,White,Female,5,1,23,DLPFC,NoAD
R2166876,665_120530,White,Male,5,1,23,DLPFC,AD
R2237803,666_120530,White,Female,2,3,33,DLPFC,NoAD
R9393519,668_120530,White,Female,2,1,34,DLPFC,NoAD
R3477250,669_120530,White,Female,4,2,33,DLPFC,NoAD
R7295303,670_120530,White,Female,4,2,34,DLPFC,NoAD
R3201576,671_120530,White,Male,4,1,33,DLPFC,NoAD
R8608442,672_120530,White,Male,3,2,44,DLPFC,AD
R2834233,673_120530,White,Female,3,1,34,DLPFC,NoAD
R7366225,674_120530,White,Female,4,2,33,DLPFC,AD
R1042566,675_120604,White,Female,3,2,34,DLPFC,NoAD
R3877498,676_120604,White,Male,4,2,34,DLPFC,AD
R5935442,677_120604,White,Female,3,4,33,DLPFC,NoAD
R3922205,678_120604,White,Female,3,3,22,DLPFC,NoAD
R9330569,679_120604,White,Female,2,4,33,DLPFC,NoAD
R1020037,68_120417,White,Female,3,4,23,DLPFC,NoAD
R2880377,680_120604,White,Female,1,4,23,DLPFC,NoAD
R7551006,681_120604,White,Female,3,4,33,DLPFC,NoAD
R7090624,682_120604,White,Female,4,1,23,DLPFC,NoAD
R9047934,683_120604,White,Female,2,4,34,DLPFC,NoAD
R1710143,684_120604,White,Female,4,1,33,DLPFC,NoAD
R6802400,685_120604,White,Female,3,2,23,DLPFC,AD
R1022980,687_120604,White,Female,3,3,33,DLPFC,NoAD
R2803490,688_120604,White,Female,2,1,34,DLPFC,NoAD
R9309271,689_120604,White,Female,5,1,34,DLPFC,AD
R7516349,69_120417,White,Female,4,2,23,DLPFC,AD
R1687970,690_120604,White,Male,3,2,33,DLPFC,NoAD
R6108690,691_120605,White,Female,3,4,33,DLPFC,NoAD
R6887989,693_120605,White,Female,3,3,33,DLPFC,NoAD
R9817056,694_120605,White,Male,3,3,33,DLPFC,NoAD
R5184427,695_120605,White,Female,5,1,34,DLPFC,AD
R7915228,697_120605,White,Male,3,4,33,DLPFC,NoAD
R8781115,698_120605,White,Male,5,1,24,DLPFC,NoAD
R4147686,699_120605,White,Male,3,1,33,DLPFC,NoAD
R6411801,70_120417,White,Male,5,1,33,DLPFC,AD
R2667630,700_120605,White,Male,3,2,33,DLPFC,AD
R1365120,701_120605,White,Female,3,1,33,DLPFC,NoAD
R6476704,702_120605,White,Female,2,2,33,DLPFC,NoAD
R3884524,703_120605,White,Female,4,1,34,DLPFC,AD
R1664857,704_120605,White,Female,5,1,33,DLPFC,AD
R7438391,705_120605,White,Female,5,1,33,DLPFC,AD
R1489314,706_120605,White,Female,5,1,33,DLPFC,AD
R8209563,707_120531,White,Female,5,2,33,DLPFC,AD
R7959406,708_120531,White,Female,5,1,33,DLPFC,AD
R2721311,709_120531,White,Female,4,1,34,DLPFC,AD
R3740754,710_120531,White,Male,4,2,33,DLPFC,NoAD
R5546461,711_120531,White,Female,3,1,33,DLPFC,AD
R5437670,713_120531,White,Male,3,4,33,DLPFC,NoAD
R2983626,714_120531,White,Female,4,4,33,DLPFC,NoAD
R7412731,715_120531,White,Female,5,1,33,DLPFC,AD
R7096488,716_120531,White,Male,4,1,33,DLPFC,NoAD
R6698302,718_120531,White,Male,2,3,33,DLPFC,NoAD
R1748114,72_120417,White,Female,3,4,33,DLPFC,NoAD
R5449861,720_120531,White,Female,4,2,23,DLPFC,AD
R1845714,721_120531,White,Female,5,1,33,DLPFC,AD
R3292822,722_120531,White,Female,4,1,33,DLPFC,NoAD
R8615683,724_120605,White,Female,4,2,33,DLPFC,AD
R5499256,73_120417,White,Female,4,2,33,DLPFC,AD
R3442506,74_120417,White,Female,3,4,33,DLPFC,NoAD
R2645101,75_120417,White,Female,4,1,33,DLPFC,NoAD
R9137173,76_120417,White,Female,5,1,34,DLPFC,AD
R4480046,763_130520,White,Female,5,1,33,DLPFC,NoAD
R1609849,767_130523,White,Female,4,1,34,DLPFC,AD
R2347173,768_130523,White,Female,4,1,23,DLPFC,NoAD
R5573393,769_130523,White,Female,5,1,34,DLPFC,AD
R3857147,77_120417,White,Female,5,1,33,DLPFC,NoAD
R3218482,770_130523,White,Female,4,4,23,DLPFC,NoAD
R3341095,775_130528,White,Female,4,2,33,DLPFC,AD
R1327471,776_130528,White,Female,4,2,33,DLPFC,AD
R3710945,777_130528,White,Female,4,4,33,DLPFC,NoAD
R2169533,778_130528,White,Female,4,3,33,DLPFC,NoAD
R5489358,78_120417,White,Female,4,2,33,DLPFC,AD
R9950567,781_130528,White,Female,4,1,33,DLPFC,AD
R9891381,786_130530,White,Female,2,1,34,DLPFC,NoAD
R1408411,787_130530,White,Female,2,4,23,DLPFC,NoAD
R7698313,79_120417,White,Female,1,4,33,DLPFC,NoAD
R1067972,790_130530,White,Female,3,4,33,DLPFC,NoAD
R4240155,792_130530,White,Female,5,1,33,DLPFC,NoAD
R8627329,793_130530,White,Female,4,2,34,DLPFC,AD
R1627792,796_130701,White,Female,5,1,34,DLPFC,NoAD
R9537646,797_130701,White,Female,4,1,24,DLPFC,AD
R7202764,799_130701,White,Female,5,1,33,DLPFC,NoAD
R6515859,80_120417,White,Female,4,1,33,DLPFC,NoAD
R2500527,803_130701,White,Female,4,3,33,DLPFC,NoAD
R6913259,805_130701,White,Female,5,1,33,DLPFC,NoAD
R1571066,807_130701,White,Male,4,1,33,DLPFC,AD
R3727306,809_130702,White,Female,5,1,34,DLPFC,NoAD
R9907075,81_120417,White,Male,2,3,34,DLPFC,NoAD
R1412995,810_130702,White,Female,5,1,33,DLPFC,NoAD
R9557117,811_130702,White,Female,5,2,33,DLPFC,NoAD
R8760165,812_130702,White,Male,4,4,33,DLPFC,NoAD
R3863249,813_130702,White,Female,5,2,33,DLPFC,NoAD
R9324027,815_130702,White,Female,4,3,33,DLPFC,NoAD
R3185659,82_120417,White,Male,1,4,34,DLPFC,NoAD
R9170872,820_130725,White,Male,5,1,24,DLPFC,AD
R3864948,821_130725,White,Male,5,2,33,DLPFC,NoAD
R4536332,824_130725,White,Male,4,4,33,DLPFC,NoAD
R2928383,826_130725,White,Female,4,2,23,DLPFC,NoAD
R1224782,829_130725,White,Male,4,4,23,DLPFC,NoAD
R3898113,83_120417,White,Male,3,2,33,DLPFC,NoAD
R7868788,831_130725,White,Male,4,2,33,DLPFC,NoAD
R2658091,833_130729,White,Male,4,2,33,DLPFC,NoAD
R8410904,834_130729,White,Male,3,2,23,DLPFC,NoAD
R2845830,84_120417,Black,Male,3,2,44,DLPFC,AD
R8125311,844_130830,White,Male,3,4,33,DLPFC,NoAD
R7015250,845_130830,White,Female,3,4,33,DLPFC,NoAD
R9323873,846_130830,White,Female,5,1,33,DLPFC,AD
R4854051,847_130830,White,Female,5,1,34,DLPFC,AD
R8266864,857_130905,White,Female,5,1,23,DLPFC,NoAD
R5210462,861_130911,White,Male,3,4,33,DLPFC,NoAD
R7070153,862_130911,White,Female,5,2,33,DLPFC,NoAD
R1360065,864_130911,White,Female,4,1,33,DLPFC,NoAD
R9583560,865_130911,White,Male,2,1,33,DLPFC,NoAD
R2963600,871_130911,White,Female,4,3,34,DLPFC,NoAD
R5313591,876_130918,White,Female,3,4,33,DLPFC,NoAD
R9764427,879_130918,White,Male,4,2,33,DLPFC,NoAD
R3607578,88_120417,White,Female,3,4,33,DLPFC,NoAD
R9299236,881_130918,White,Female,5,1,34,DLPFC,AD
R2506056,882_130918,White,Female,3,4,33,DLPFC,NoAD
R4673194,884_130923,White,Female,5,1,33,DLPFC,AD
R5126867,885_130923,White,Female,4,2,34,DLPFC,NoAD
R3623803,887_130923,White,Female,3,3,33,DLPFC,NoAD
R8477425,889_130923,White,Male,4,4,34,DLPFC,NoAD
R4345802,89_120417,White,Female,4,2,33,DLPFC,AD
R4674788,892_130923,Alaska Native,Male,4,2,NA,DLPFC,NoAD
R8678748,893_130923,White,Female,3,4,33,DLPFC,NoAD
R4956716,894_130923,White,Female,2,2,33,DLPFC,NoAD
R2975126,895_130923,White,Female,5,1,33,DLPFC,NoAD
R7651923,899_131010,White,Female,4,2,23,DLPFC,NoAD
R4184741,90_120417,White,Male,3,4,33,DLPFC,NoAD
R9314674,900_131010,White,Female,5,1,33,DLPFC,AD
R2901804,901_131010,White,Male,4,2,24,DLPFC,NoAD
R9239503,905_131010,White,Female,5,2,34,DLPFC,AD
R6163933,909_131031,White,Female,5,1,33,DLPFC,NoAD
R6155093,911_131031,White,Female,4,4,23,DLPFC,NoAD
R3209518,922_131031,White,Male,5,1,34,DLPFC,AD
R8463496,923_131031,White,Female,5,1,34,DLPFC,AD
R9886653,924_131031,White,Female,4,2,24,DLPFC,NoAD
R9679238,925_131031,White,Male,3,2,33,DLPFC,AD
R4996203,926_131031,White,Female,4,1,34,DLPFC,NoAD
R6280004,927_131031,White,Female,4,2,23,DLPFC,NoAD
R7702934,929_131031,White,Female,5,1,33,DLPFC,AD
R5415701,93_120417,White,Female,0,4,33,DLPFC,NoAD
R7627203,932_131101,White,Male,3,3,33,DLPFC,NoAD
R4266155,934_131101,White,Female,1,4,23,DLPFC,NoAD
R5676537,935_131101,White,Female,5,2,33,DLPFC,AD
R5893965,936_131101,White,Female,4,2,33,DLPFC,AD
R2787688,937_131101,White,Female,5,1,33,DLPFC,NoAD
R5924065,938_131101,White,Male,4,4,33,DLPFC,NoAD
R1133959,939_131101,White,Female,4,2,33,DLPFC,NoAD
R7596878,94_120417,White,Female,5,2,33,DLPFC,AD
R9500594,940_131101,White,Male,4,2,34,DLPFC,NoAD
R8645947,941_131101,White,Female,3,4,34,DLPFC,NoAD
R3914030,942_131101,White,Male,4,1,33,DLPFC,AD
R5629689,943_131101,White,Female,4,1,34,DLPFC,AD
R3211474,944_131107,White,Male,4,2,33,DLPFC,NoAD
R2144127,945_131107,White,Female,5,2,44,DLPFC,AD
R4745715,946_131107,White,Female,2,2,34,DLPFC,NoAD
R4981575,949_131107,White,Female,4,1,23,DLPFC,NoAD
R6679530,950_131107,White,Female,3,4,33,DLPFC,NoAD
R9794121,951_131107,White,Male,3,4,33,DLPFC,NoAD
R3997006,952_131107,White,Male,6,1,34,DLPFC,AD
R7674931,954_131107,Black,Female,4,4,34,DLPFC,NoAD
R2711188,956_131107,White,Female,3,2,33,DLPFC,AD
R2157677,957_131107,White,Female,5,1,33,DLPFC,NoAD
R6828280,958_131107,White,Male,5,2,33,DLPFC,AD
R2752714,96_120417,White,Female,4,2,34,DLPFC,NoAD
R6847727,97_120417,White,Female,3,2,33,DLPFC,AD
R2549195,98_120417,White,Female,4,2,33,DLPFC,NoAD
R8186418,R24_131017,White,Male,1,2,33,DLPFC,NoAD
R7950545,redo4_140501,White,Male,4,3,34,DLPFC,NoAD
AMPAD_MSSM_0000002772,BM_10_608,White,Female,6,2,34,FP,AD
AMPAD_MSSM_0000003284,BM_10_727,White,Female,3,3,33,FP,NoAD
AMPAD_MSSM_0000003566,BM_10_609,White,Female,6,2,33,FP,AD
AMPAD_MSSM_0000004030,BM_10_643,White,Female,5,3,34,FP,NoAD
AMPAD_MSSM_0000004113,BM_10_764,White,Female,3,2,23,FP,AD
AMPAD_MSSM_0000004310,BM_10_590,Hispanic,Female,2,1,33,FP,NoAD
AMPAD_MSSM_0000005301,BM_10_684,White,Female,4,4,NA,FP,NoAD
AMPAD_MSSM_0000005849,BM_10_754,White,Female,6,2,34,FP,AD
AMPAD_MSSM_0000006160,BM_10_672,White,Male,6,2,34,FP,AD
AMPAD_MSSM_0000006559,BM_10_698,White,Female,3,4,NA,FP,NoAD
AMPAD_MSSM_0000006643,BM_10_714,White,Male,5,2,33,FP,AD
AMPAD_MSSM_0000007107,BM_10_650,White,Female,3,1,NA,FP,AD
AMPAD_MSSM_0000007155,hB_RNA_13216_resequenced,White,Male,6,2,NA,FP,AD
AMPAD_MSSM_0000007283,BM_10_596,Hispanic,Female,3,3,34,FP,NoAD
AMPAD_MSSM_0000007353,hB_RNA_12434,White,Female,6,2,NA,FP,AD
AMPAD_MSSM_0000007698,hB_RNA_13373_L43C014,Black,Female,3,1,33,FP,AD
AMPAD_MSSM_0000007949,BM_10_711,White,Female,2,2,33,FP,NoAD
AMPAD_MSSM_0000008176,BM_10_582,White,Female,6,2,34,FP,AD
AMPAD_MSSM_0000008299,BM_10_611,White,Female,2,3,23,FP,NoAD
AMPAD_MSSM_0000009439,hB_RNA_13330,White,Female,6,2,33,FP,AD
AMPAD_MSSM_0000010001,BM_10_728,White,Female,1,2,33,FP,NoAD
AMPAD_MSSM_0000010282,BM_10_773,White,Male,6,2,33,FP,AD
AMPAD_MSSM_0000010795,hB_RNA_13375_L43C014,Hispanic,Female,0,1,23,FP,NoAD
AMPAD_MSSM_0000011243,BM_10_623,White,Female,3,1,34,FP,AD
AMPAD_MSSM_0000011371,hB_RNA_13599,White,Male,2,1,33,FP,NoAD
AMPAD_MSSM_0000011938,hB_RNA_12680,White,Female,3,3,NA,FP,NoAD
AMPAD_MSSM_0000012479,hB_RNA_12934,White,Male,6,2,NA,FP,AD
AMPAD_MSSM_0000012846,BM_10_604,White,Female,3,4,23,FP,NoAD
AMPAD_MSSM_0000012876,BM_10_747,Hispanic,Female,2,1,33,FP,NoAD
AMPAD_MSSM_0000013078,BM_10_753,Black,Male,5,2,23,FP,AD
AMPAD_MSSM_0000013872,hB_RNA_12917,U,Male,6,2,NA,FP,AD
AMPAD_MSSM_0000014385,hB_RNA_13542,White,Female,6,2,44,FP,AD
AMPAD_MSSM_0000014562,hB_RNA_12774,White,Female,6,2,NA,FP,AD
AMPAD_MSSM_0000014666,BM_10_662,White,Female,4,4,23,FP,NoAD
AMPAD_MSSM_0000014947,BM_10_809,White,Male,6,3,34,FP,NoAD
AMPAD_MSSM_0000015395,BM_10_810,White,Female,1,4,34,FP,NoAD
AMPAD_MSSM_0000016204,hB_RNA_13571,White,Female,6,2,33,FP,AD
AMPAD_MSSM_0000016485,BM_10_593,Hispanic,Male,2,1,33,FP,NoAD
AMPAD_MSSM_0000016653,BM_10_658,White,Male,3,1,34,FP,AD
AMPAD_MSSM_0000016717,BM_10_811,White,Female,3,1,23,FP,AD
AMPAD_MSSM_0000016747,hB_RNA_12545,White,Male,1,1,NA,FP,NoAD
AMPAD_MSSM_0000016998,hB_RNA_13574,White,Male,4,3,33,FP,NoAD
AMPAD_MSSM_0000019193,BM_10_686,White,Male,6,2,NA,FP,AD
AMPAD_MSSM_0000019562,BM_10_731,White,Female,2,2,34,FP,NoAD
AMPAD_MSSM_0000019844,hB_RNA_13430,Black,Female,4,3,33,FP,NoAD
AMPAD_MSSM_0000020356,hB_RNA_13655,White,Female,1,1,34,FP,NoAD
AMPAD_MSSM_0000020485,BM_10_720,White,Female,3,4,33,FP,NoAD
AMPAD_MSSM_0000020588,BM_10_548,White,Female,4,2,34,FP,AD
AMPAD_MSSM_0000020701,BM_10_692,Hispanic,Male,6,2,NA,FP,AD
AMPAD_MSSM_0000021046,hB_RNA_13512,White,Female,6,4,34,FP,NoAD
AMPAD_MSSM_0000021278,BM_10_661,White,Female,6,3,33,FP,NoAD
AMPAD_MSSM_0000021530,BM_10_796,Hispanic,Male,6,2,33,FP,AD
AMPAD_MSSM_0000021614,BM_10_798,White,Female,6,2,34,FP,AD
AMPAD_MSSM_0000023152,BM_10_677,White,Male,6,2,NA,FP,AD
AMPAD_MSSM_0000024443,BM_10_706,White,Female,1,4,NA,FP,NoAD
AMPAD_MSSM_0000024508,BM_10_740,White,Male,2,1,33,FP,NoAD
AMPAD_MSSM_0000025234,hB_RNA_12494,White,Female,6,3,NA,FP,NoAD
AMPAD_MSSM_0000026229,hB_RNA_12444,White,Female,6,2,NA,FP,AD
AMPAD_MSSM_0000026279,BM_10_768,White,Male,1,4,34,FP,NoAD
AMPAD_MSSM_0000026992,BM_10_722,Black,Female,3,1,22,FP,AD
AMPAD_MSSM_0000027339,BM_10_746,White,Male,1,1,33,FP,NoAD
AMPAD_MSSM_0000027521,BM_10_737,White,Male,2,3,33,FP,NoAD
AMPAD_MSSM_0000027813,hB_RNA_12804,Black,Male,5,2,NA,FP,AD
AMPAD_MSSM_0000027965,hB_RNA_13068,White,Female,2,4,NA,FP,NoAD
AMPAD_MSSM_0000028083,hB_RNA_12504,White,Female,6,2,NA,FP,AD
AMPAD_MSSM_0000028592,BM_10_645,White,Male,4,3,33,FP,NoAD
AMPAD_MSSM_0000028611,BM_10_756,White,Male,3,1,33,FP,AD
AMPAD_MSSM_0000028843,BM_10_572,White,Female,4,3,NA,FP,NoAD
AMPAD_MSSM_0000028892,BM_10_678,White,Female,6,2,33,FP,AD
AMPAD_MSSM_0000029124,BM_10_730,White,Female,2,1,33,FP,NoAD
AMPAD_MSSM_0000029582,BM_10_600,White,Female,5,3,33,FP,NoAD
AMPAD_MSSM_0000029637,BM_10_715,White,Female,6,2,33,FP,AD
AMPAD_MSSM_0000029668,hB_RNA_13262,Hispanic,Male,2,1,NA,FP,NoAD
AMPAD_MSSM_0000029716,hB_RNA_13102,White,Male,6,2,NA,FP,AD
AMPAD_MSSM_0000029918,BM_10_581,White,Female,6,3,33,FP,NoAD
AMPAD_MSSM_0000030047,hB_RNA_12693,Hispanic,Female,3,4,NA,FP,NoAD
AMPAD_MSSM_0000030199,hB_RNA_12865,White,Female,5,4,NA,FP,NoAD
AMPAD_MSSM_0000030663,BM_10_766,White,Male,6,2,33,FP,AD
AMPAD_MSSM_0000031555,BM_10_812,White,Female,6,2,33,FP,AD
AMPAD_MSSM_0000031762,BM_10_648,White,Female,4,1,NA,FP,AD
AMPAD_MSSM_0000031969,BM_10_680,White,Male,6,2,33,FP,AD
AMPAD_MSSM_0000032215,BM_10_657,White,Female,3,1,NA,FP,AD
AMPAD_MSSM_0000032714,BM_10_736,White,Female,3,2,NA,FP,AD
AMPAD_MSSM_0000032995,BM_10_732,White,Male,3,2,33,FP,AD
AMPAD_MSSM_0000033390,BM_10_639,Hispanic,Female,2,1,NA,FP,NoAD
AMPAD_MSSM_0000033508,hB_RNA_12664,Black,Female,5,2,NA,FP,AD
AMPAD_MSSM_0000033789,hB_RNA_13309,Black,Male,6,2,34,FP,AD
AMPAD_MSSM_0000033868,BM_10_748,White,Male,2,1,23,FP,NoAD
AMPAD_MSSM_0000034070,BM_10_782,White,Female,0,1,34,FP,NoAD
AMPAD_MSSM_0000034302,BM_10_805,White,Male,6,2,34,FP,AD
AMPAD_MSSM_0000034450,BM_10_797,White,Female,6,2,33,FP,AD
AMPAD_MSSM_0000034701,BM_10_724,White,Male,4,3,33,FP,NoAD
AMPAD_MSSM_0000035096,BM_10_610,White,Female,6,3,34,FP,NoAD
AMPAD_MSSM_0000035115,BM_10_654,White,Female,6,2,34,FP,AD
AMPAD_MSSM_0000035609,hB_RNA_13465,White,Male,6,2,33,FP,AD
AMPAD_MSSM_0000036067,BM_10_755,White,Female,4,2,33,FP,AD
AMPAD_MSSM_0000036121,hB_RNA_13441,White,Male,1,1,33,FP,NoAD
AMPAD_MSSM_0000036388,hB_RNA_13158,Black,Female,3,4,NA,FP,NoAD
AMPAD_MSSM_0000037256,hB_RNA_13193,White,Female,1,1,NA,FP,NoAD
AMPAD_MSSM_0000037684,BM_10_702,White,Male,6,2,NA,FP,AD
AMPAD_MSSM_0000037941,BM_10_744,White,Male,0,1,33,FP,NoAD
AMPAD_MSSM_0000037960,BM_10_558,White,Female,3,2,33,FP,AD
AMPAD_MSSM_0000038069,BM_10_667,White,Female,6,3,33,FP,NoAD
AMPAD_MSSM_0000038454,hB_RNA_13640,White,Female,6,3,34,FP,NoAD
AMPAD_MSSM_0000038686,BM_10_716,White,Female,5,2,33,FP,AD
AMPAD_MSSM_0000039233,hB_RNA_12662,White,Female,5,2,NA,FP,AD
AMPAD_MSSM_0000039480,BM_10_676,White,Female,3,4,33,FP,NoAD
AMPAD_MSSM_0000040274,BM_10_787,White,Male,0,1,33,FP,NoAD
AMPAD_MSSM_0000040584,BM_10_588,Hispanic,Male,2,1,34,FP,NoAD
AMPAD_MSSM_0000040816,BM_10_624,White,Male,2,1,33,FP,NoAD
AMPAD_MSSM_0000040820,BM_10_703,White,Female,1,1,NA,FP,NoAD
AMPAD_MSSM_0000040855,hB_RNA_12994,White,Female,4,2,NA,FP,AD
AMPAD_MSSM_0000042769,BM_10_675,White,Male,3,2,NA,FP,AD
AMPAD_MSSM_0000043479,BM_10_616,White,Male,2,1,NA,FP,NoAD
AMPAD_MSSM_0000044145,BM_10_621,White,Male,0,1,33,FP,NoAD
AMPAD_MSSM_0000044223,hB_RNA_12794,White,Male,6,2,NA,FP,AD
AMPAD_MSSM_0000044785,BM_10_800,White,Female,6,2,34,FP,AD
AMPAD_MSSM_0000044790,hB_RNA_13132,White,Female,6,2,NA,FP,AD
AMPAD_MSSM_0000045001,BM_10_717,White,Female,3,4,33,FP,NoAD
AMPAD_MSSM_0000045135,hB_RNA_13491,White,Female,3,4,34,FP,NoAD
AMPAD_MSSM_0000045801,hB_RNA_13351,Black,Female,6,2,33,FP,AD
AMPAD_MSSM_0000045871,BM_10_660,White,Female,1,4,NA,FP,NoAD
AMPAD_MSSM_0000046265,BM_10_562,White,Male,4,2,33,FP,AD
AMPAD_MSSM_0000046694,BM_10_759,White,Male,1,1,23,FP,NoAD
AMPAD_MSSM_0000047108,BM_10_806,White,Female,6,2,34,FP,AD
AMPAD_MSSM_0000047207,BM_10_615,White,Female,2,1,33,FP,NoAD
AMPAD_MSSM_0000047734,BM_10_631,Black,Male,1,1,33,FP,NoAD
AMPAD_MSSM_0000047819,BM_10_682,White,Male,3,1,NA,FP,AD
AMPAD_MSSM_0000048247,BM_10_561,Black,Female,4,2,24,FP,AD
AMPAD_MSSM_0000048528,BM_10_663,White,Female,3,3,33,FP,NoAD
AMPAD_MSSM_0000048992,BM_10_652,White,Male,6,2,33,FP,AD
AMPAD_MSSM_0000049006,BM_10_743,White,Female,0,1,33,FP,NoAD
AMPAD_MSSM_0000049401,BM_10_651,White,Female,6,2,33,FP,AD
AMPAD_MSSM_0000049781,hB_RNA_13086,White,Female,5,2,NA,FP,AD
AMPAD_MSSM_0000050086,hB_RNA_12901,White,Male,3,3,NA,FP,NoAD
AMPAD_MSSM_0000051093,BM_10_668,White,Male,6,2,44,FP,AD
AMPAD_MSSM_0000052232,hB_RNA_13458,Hispanic,Female,2,1,33,FP,NoAD
AMPAD_MSSM_0000053095,hB_RNA_13418,Hispanic,Female,0,1,NA,FP,NoAD
AMPAD_MSSM_0000053661,hB_RNA_12724,White,Female,3,4,NA,FP,NoAD
AMPAD_MSSM_0000053706,BM_10_579,White,Female,1,1,23,FP,NoAD
AMPAD_MSSM_0000054219,BM_10_630,White,Male,5,4,34,FP,NoAD
AMPAD_MSSM_0000054396,BM_10_788,White,Female,3,3,34,FP,NoAD
AMPAD_MSSM_0000054682,BM_10_752,White,Female,6,2,34,FP,AD
AMPAD_MSSM_0000055245,BM_10_741,White,Male,0,1,34,FP,NoAD
AMPAD_MSSM_0000056009,hB_RNA_12720,Black,Female,4,3,NA,FP,NoAD
AMPAD_MSSM_0000056019,BM_10_690,White,Female,4,4,NA,FP,NoAD
AMPAD_MSSM_0000056061,BM_10_681,White,Female,5,2,NA,FP,AD
AMPAD_MSSM_0000056537,BM_10_689,White,Male,6,2,NA,FP,AD
AMPAD_MSSM_0000057064,BM_10_791,Black,Female,4,4,33,FP,NoAD
AMPAD_MSSM_0000058575,BM_10_687,White,Female,2,2,NA,FP,NoAD
AMPAD_MSSM_0000059697,hB_RNA_12474,Black,Female,3,3,NA,FP,NoAD
AMPAD_MSSM_0000060126,BM_10_602,White,Female,4,4,23,FP,NoAD
AMPAD_MSSM_0000060407,hB_RNA_12944,White,Male,5,2,NA,FP,AD
AMPAD_MSSM_0000061106,BM_10_807,White,Female,5,2,NA,FP,AD
AMPAD_MSSM_0000061631,BM_10_707,White,Female,4,2,33,FP,AD
AMPAD_MSSM_0000061680,hB_RNA_12986,Black,Male,5,2,NA,FP,AD
AMPAD_MSSM_0000061911,hB_RNA_12433,White,Female,3,1,NA,FP,AD
AMPAD_MSSM_0000061946,hB_RNA_13477,Black,Male,3,1,24,FP,AD
AMPAD_MSSM_0000063213,BM_10_679,Black,Female,6,2,44,FP,AD
AMPAD_MSSM_0000063927,BM_10_699,White,Male,2,1,NA,FP,NoAD
AMPAD_MSSM_0000064293,BM_10_597,Black,Female,3,4,34,FP,NoAD
AMPAD_MSSM_0000064456,BM_10_691,Hispanic,Female,6,2,NA,FP,AD
AMPAD_MSSM_0000064525,BM_10_635,Black,Female,5,2,34,FP,AD
AMPAD_MSSM_0000064526,BM_10_685,White,Female,6,2,NA,FP,AD
AMPAD_MSSM_0000064974,BM_10_603,White,Male,6,2,33,FP,AD
AMPAD_MSSM_0000065319,BM_10_607,White,Female,6,2,33,FP,AD
AMPAD_MSSM_0000065630,BM_10_808,White,Male,3,4,NA,FP,NoAD
AMPAD_MSSM_0000066789,BM_10_725,Hispanic,Male,4,4,34,FP,NoAD
AMPAD_MSSM_0000066858,BM_10_713,White,Female,4,1,33,FP,AD
AMPAD_MSSM_0000066936,BM_10_670,White,Male,2,1,33,FP,NoAD
AMPAD_MSSM_0000067003,BM_10_693,Black,Female,3,2,NA,FP,AD
AMPAD_MSSM_0000067720,BM_10_566,White,Male,0,1,33,FP,NoAD
AMPAD_MSSM_0000067819,BM_10_793,White,Female,3,3,33,FP,NoAD
AMPAD_MSSM_0000068806,hB_RNA_12536,White,Female,3,4,NA,FP,NoAD
AMPAD_MSSM_0000069155,BM_10_781,White,Male,5,2,34,FP,AD
AMPAD_MSSM_0000069779,BM_10_803,White,Male,1,1,33,FP,NoAD
AMPAD_MSSM_0000069984,BM_10_739,Black,Male,1,1,33,FP,NoAD
AMPAD_MSSM_0000070216,hB_RNA_13525,White,Female,2,3,33,FP,NoAD
AMPAD_MSSM_0000070235,BM_10_605,White,Female,6,2,34,FP,AD
AMPAD_MSSM_0000070412,BM_10_695,White,Female,3,1,33,FP,AD
AMPAD_MSSM_0000070448,BM_10_750,White,Male,4,2,33,FP,AD
AMPAD_MSSM_0000071241,hB_RNA_13039,White,Male,2,3,NA,FP,NoAD
AMPAD_MSSM_0000071503,BM_10_719,White,Female,2,1,23,FP,NoAD
AMPAD_MSSM_0000071789,BM_10_629,Black,Female,6,2,23,FP,AD
AMPAD_MSSM_0000072079,BM_10_790,Black,Female,6,2,NA,FP,AD
AMPAD_MSSM_0000072114,BM_10_710,White,Female,1,4,33,FP,NoAD
AMPAD_MSSM_0000072578,hB_RNA_13684,White,Female,6,2,33,FP,AD
AMPAD_MSSM_0000073140,BM_10_627,Black,Female,3,3,34,FP,NoAD
AMPAD_MSSM_0000073574,BM_10_758,White,Female,6,2,33,FP,AD
AMPAD_MSSM_0000073787,BM_10_697,White,Male,2,1,NA,FP,NoAD
AMPAD_MSSM_0000074087,BM_10_772,White,Male,2,2,33,FP,NoAD
AMPAD_MSSM_0000074600,BM_10_776,White,Female,2,4,33,FP,NoAD
AMPAD_MSSM_0000074881,BM_10_767,White,Male,6,2,34,FP,AD
AMPAD_MSSM_0000075093,BM_10_555,White,Female,2,1,33,FP,NoAD
AMPAD_MSSM_0000075505,BM_10_671,Hispanic,Female,3,1,NA,FP,AD
AMPAD_MSSM_0000076188,BM_10_786,White,Male,6,3,33,FP,NoAD
AMPAD_MSSM_0000076286,BM_10_765,White,Male,6,2,33,FP,AD
AMPAD_MSSM_0000076365,BM_10_799,White,Female,6,2,33,FP,AD
AMPAD_MSSM_0000076498,hB_RNA_13444,White,Female,2,1,33,FP,NoAD
AMPAD_MSSM_0000076897,hB_RNA_13665,White,Female,4,2,34,FP,AD
AMPAD_MSSM_0000077061,hB_RNA_12582,Hispanic,Female,6,2,NA,FP,AD
AMPAD_MSSM_0000077223,hB_RNA_12638,White,Female,1,1,NA,FP,NoAD
AMPAD_MSSM_0000077591,BM_10_656,White,Female,1,1,NA,FP,NoAD
AMPAD_MSSM_0000077756,hB_RNA_13007,White,Female,3,3,NA,FP,NoAD
AMPAD_MSSM_0000077958,BM_10_729,White,Female,2,1,33,FP,NoAD
AMPAD_MSSM_0000078451,BM_10_647,White,Male,3,1,NA,FP,AD
AMPAD_MSSM_0000078471,hB_RNA_13557,White,Female,4,4,33,FP,NoAD
AMPAD_MSSM_0000079496,hB_RNA_12651,White,Female,5,3,NA,FP,NoAD
AMPAD_MSSM_0000079856,BM_10_584,White,Female,1,1,23,FP,NoAD
AMPAD_MSSM_0000079926,hB_RNA_12954,White,Female,6,2,NA,FP,AD
AMPAD_MSSM_0000080009,BM_10_573,White,Female,6,3,34,FP,NoAD
AMPAD_MSSM_0000080453,BM_10_705,Hispanic,Male,0,1,NA,FP,NoAD
AMPAD_MSSM_0000080488,BM_10_813,Black,Female,3,1,NA,FP,AD
AMPAD_MSSM_0000080571,BM_10_664,White,Male,2,4,34,FP,NoAD
AMPAD_MSSM_0000081405,hB_RNA_12924,Black,Male,1,1,NA,FP,NoAD
AMPAD_MSSM_0000081616,BM_10_738,White,Male,3,1,33,FP,AD
AMPAD_MSSM_0000082228,hB_RNA_13210,White,Female,6,2,NA,FP,AD
AMPAD_MSSM_0000082391,BM_10_576,White,Male,2,1,23,FP,NoAD
AMPAD_MSSM_0000083136,BM_10_589,White,Male,5,3,33,FP,NoAD
AMPAD_MSSM_0000083234,BM_10_591,White,Female,1,1,NA,FP,NoAD
AMPAD_MSSM_0000083367,BM_10_751,White,Male,6,2,33,FP,AD
AMPAD_MSSM_0000083880,BM_10_735,Black,Female,1,1,NA,FP,NoAD
AMPAD_MSSM_0000083910,BM_10_718,Hispanic,Female,3,4,34,FP,NoAD
AMPAD_MSSM_0000084521,hB_RNA_13677,White,Male,3,2,34,FP,AD
AMPAD_MSSM_0000084538,BM_10_649,White,Female,2,1,NA,FP,NoAD
AMPAD_MSSM_0000084803,BM_10_749,Black,Female,4,4,34,FP,NoAD
AMPAD_MSSM_0000084955,hB_RNA_13018,White,Female,5,2,NA,FP,AD
AMPAD_MSSM_0000085981,BM_10_666,White,Female,2,1,NA,FP,NoAD
AMPAD_MSSM_0000086050,BM_10_619,White,Female,4,2,33,FP,AD
AMPAD_MSSM_0000086213,BM_10_571,White,Male,2,1,33,FP,NoAD
AMPAD_MSSM_0000087007,BM_10_709,White,Female,6,2,34,FP,AD
AMPAD_MSSM_0000087037,BM_10_700,White,Female,3,1,33,FP,AD
AMPAD_MSSM_0000088010,BM_10_789,White,Female,3,1,NA,FP,AD
AMPAD_MSSM_0000088112,BM_10_644,White,Female,6,2,23,FP,AD
AMPAD_MSSM_0000090133,BM_10_708,White,Male,6,2,33,FP,AD
AMPAD_MSSM_0000090897,BM_10_551,White,Female,3,2,33,FP,AD
AMPAD_MSSM_0000090996,BM_10_553,White,Female,3,1,33,FP,AD
AMPAD_MSSM_0000091139,BM_10_617,White,Female,4,4,34,FP,NoAD
AMPAD_MSSM_0000091390,BM_10_546,Black,Female,3,3,34,FP,NoAD
AMPAD_MSSM_0000093995,BM_10_701,White,Male,1,4,NA,FP,NoAD
AMPAD_MSSM_0000095439,BM_10_712,White,Female,3,4,22,FP,NoAD
AMPAD_MSSM_0000095774,BM_10_569,White,Female,2,1,33,FP,NoAD
AMPAD_MSSM_0000097579,hB_RNA_13174,White,Female,2,4,NA,FP,NoAD
AMPAD_MSSM_0000097594,hB_RNA_12852,White,Female,5,2,NA,FP,AD
AMPAD_MSSM_0000097977,hB_RNA_12588,White,Male,6,2,NA,FP,AD
AMPAD_MSSM_0000098107,BM_10_549,White,Female,6,2,33,FP,AD
AMPAD_MSSM_0000098244,hB_RNA_13201,White,Female,6,2,NA,FP,AD
AMPAD_MSSM_0000098979,BM_10_674,White,Female,6,3,33,FP,NoAD
AMPAD_MSSM_0000099182,BM_10_792,Hispanic,Male,3,1,34,FP,AD
AMPAD_MSSM_0000099364,BM_10_778,Black,Male,0,1,33,FP,NoAD
AMPAD_MSSM_0000099413,BM_10_760,White,Male,1,1,33,FP,NoAD
AMPAD_MSSM_0000099877,BM_10_780,Alaska Native,Male,2,1,33,FP,NoAD
AMPAD_MSSM_0000252323,BM_10_638,White,Female,2,1,NA,FP,NoAD
AMPAD_MSSM_0000980386,BM_10_771,White,Female,4,4,34,FP,NoAD